filename,num,area,circularity,mean_intensity,variance,label
2793,1,613,0.754957904,115.5057096,3761.270166,1
2793,2,366,0.790352709,109.5464481,2958.644405,1
2793,3,1950,0.22098825,104.1302564,2845.321446,1
2793,4,1187,0.392034689,113.4987363,3677.003178,1
2793,5,955,0.355310866,119.417801,3915.160324,1
2793,6,711,0.629303018,122.4064698,4297.056628,1
2793,7,1145,0.374067448,114.4497817,3582.575546,1
2793,8,1793,0.2569856,106.8265477,3065.621151,1
2793,9,274,0.921929065,186.189781,7172.37429,0
2793,10,962,0.859896088,109.0717256,2870.776625,1
2793,11,1262,0.569926556,112.451664,3570.194089,1
2793,12,930,0.807187749,120.8021505,3915.679857,1
2793,13,1050,0.626851321,117.3114286,3721.238592,1
2793,14,1260,0.441676611,111.9880952,3425.122355,1
2793,15,605,0.758462321,104.3983471,3071.672935,1
2793,16,484,0.965834963,171.3181818,4864.734656,0
2793,17,1531,0.327181474,119.0542129,3164.396714,1
2793,18,1054,0.449897338,120.3785579,4201.828064,1
2793,19,1082,0.525044515,109.3114603,3355.109984,1
2793,20,695,0.629247695,122.7654676,4457.12342,1
2793,21,1563,0.418839138,109.9110685,3418.013605,1
2793,22,1175,0.671407419,115.1208511,3787.012487,1
2793,23,1515,0.53692057,113.8620462,3569.438558,1
2793,24,1256,0.665304602,108.2444268,3196.255909,1
2793,25,1483,0.842687801,114.2521915,3082.80357,1
2793,26,1937,0.482123966,111.6086732,3240.118551,1
2793,27,1421,0.513889128,113.0809289,3482.816752,1
2793,28,1625,0.473902648,113.3766154,3692.352018,1
2793,29,1482,0.43694317,115.8454791,3510.393828,1
2793,30,1156,0.744989998,112.2551903,3435.850436,1
2793,31,1970,0.515991789,109.8558376,3157.879166,1
2793,32,1401,0.654381713,110.1291934,3481.707164,1
2793,33,1732,0.5341161,114.2921478,3521.183582,1
2793,34,818,0.633998247,112.1882641,3697.692508,1
2793,35,1177,0.517096102,115.826678,4033.260115,1
2793,36,1535,0.288459571,109.5087948,2516.53906,1
2793,37,966,0.698374726,103.9730849,2543.363768,1
2793,38,1352,0.722026264,116.2019231,3389.546486,1
2793,39,1959,0.521444283,110.8284839,3197.630733,1
2793,40,1333,0.786025972,117.696174,3363.620981,1
2793,41,1366,0.481297542,119.9048316,4083.229986,1
2793,42,638,0.933600647,161.8369906,4947.692773,0
2793,43,1218,0.872237889,163.7208539,6334.370871,1
2793,44,843,0.86762635,139.5136418,4757.083849,1
2793,45,1926,0.460972884,112.8665628,3570.490069,1
2793,46,1484,0.406416913,115.3726415,3491.013572,1
2793,47,1351,0.523602481,116.8993338,3894.577762,1
2793,48,1912,0.455126253,116.3002092,3894.483796,1
2793,49,1318,0.649896138,115.9499241,3644.038465,1
2793,50,1845,0.637661646,117.3528455,3845.930121,1
2793,51,170,1.018467058,142.5058824,3490.70712,0
2793,52,240,1.001729059,160.2416667,4485.446452,0
2793,53,1469,0.698129895,115.9605174,3482.66684,1
2793,54,1316,0.660265071,111.0699088,3385.598409,1
2793,55,1446,0.632176552,113.0020747,3504.967662,1
2793,56,1994,0.380107381,118.115346,4015.78641,1
2793,57,1921,0.468935211,115.5741801,3731.854625,1
2793,58,939,0.898968926,113.3514377,3129.44022,1
2793,59,2118,0.336884834,121.5174693,3554.056758,1
2793,60,392,0.990344272,171.5,4679.863054,0
2793,61,645,0.809182874,119.7534884,3963.780096,1
2793,62,1230,0.571824737,113.3577236,3593.121611,1
2793,63,511,0.766537039,123.0939335,4122.743219,1
2793,64,1566,0.735158552,116.5466156,3397.479475,1
2793,65,115,0.810981753,147,4896.49628,0
2793,66,731,0.502091071,112.8467852,3481.012305,1
2793,67,1176,0.544720444,121.2967687,4294.976576,1
2793,68,411,0.709499308,125.4306569,4319.776843,1
2793,69,509,0.687916424,120.2298625,4031.236458,1
2793,70,1306,0.357333397,120.9104135,3606.113208,1
2793,71,942,0.564490403,133.6475584,5304.171054,1
2793,72,1416,0.5715127,117.0225989,3697.981254,1
2793,73,527,0.947608428,167.4648956,5049.788584,0
2793,74,495,0.967480368,174.9858586,5283.371292,0
2793,75,1100,0.490448016,119.7272727,4084.902676,1
2793,76,1143,0.550227738,119.015748,3859.603111,1
2793,77,985,0.615240406,121.0162437,3792.209986,1
2793,78,255,0.96254541,148.1490196,4587.505865,0
2793,79,1185,0.558152972,119.8801688,3990.15904,1
2793,80,1594,0.428950243,122.6311167,4165.625864,1
2793,81,1722,0.528705798,112.8652729,3438.347546,1
2793,82,1745,0.50742338,117.3994269,3857.934368,1
2793,83,1445,0.641869284,109.1086505,3220.641105,1
2793,84,1465,0.43559477,106.7249147,3348.174822,1
2793,85,1400,0.353248079,109.6571429,3648.16998,1
2793,86,1474,0.67617734,116.5834464,3793.775913,1
2793,87,1557,0.617072776,119.3622351,3945.448046,1
2793,88,1428,0.529109369,118.0658263,4024.242814,1
2793,89,1775,0.600097016,112.9752113,3500.036335,1
2793,90,1071,0.749724185,117.6732026,3748.861701,1
2793,91,1309,0.430654336,111.3078686,3684.422419,1
2793,92,794,0.645516177,128.6851385,5035.393865,1
2793,93,1306,0.399788729,116.1316998,4115.131069,1
2793,94,1242,0.447506658,114.2479871,3486.652538,1
2793,95,1221,0.541642351,112.986077,3644.081854,1
2793,96,1102,0.715151438,114.9827586,3422.128221,1
2793,97,1531,0.485155282,112.0424559,3241.045872,1
2793,98,989,0.578528312,111.7482305,3570.06218,1
2793,99,969,0.642368296,120.2177503,4409.62239,1
2793,100,430,0.96655986,164.5255814,4897.803127,0
2793,101,1061,0.817468122,109.7766258,3043.564299,1
2793,102,848,0.818769887,114.8490566,3345.731256,1
2793,103,1668,0.357419054,114.2709832,3709.080566,1
2793,104,436,0.737641625,125.5068807,3982.621585,1
2793,105,737,0.826746943,116.7164179,3678.995804,1
2793,106,448,0.976188797,170.0513393,4629.617593,0
2793,107,369,0.970779353,158.4173442,4322.439684,0
2793,108,405,0.967534622,171.1432099,5141.962134,0
2793,109,389,0.944506627,165.655527,5035.520521,0
2793,110,440,0.973720882,176.8590909,5264.470371,0
2793,111,926,0.494635107,117.7796976,3830.678039,1
2793,112,1257,0.61257357,118.2895784,3910.116975,1
2793,113,986,0.341540779,115.4685598,3988.622248,1
2793,114,1171,0.360037949,116.2792485,3623.608581,1
2793,115,683,0.45262005,117.0805271,4093.475241,1
2793,116,1045,0.541323859,117.9004785,4021.604518,1
2793,117,659,0.952253488,163.5705615,4968.074137,0
2793,118,1710,0.389986915,126.4883041,3896.455167,1
2793,119,287,0.947420469,168.4494774,5387.95786,0
2794,1,1901,0.466044484,182.473435,8613.768647,1
2794,2,1669,0.583187346,190.5865788,9054.847295,1
2794,3,1070,0.532174967,170.6214953,7422.088926,1
2794,4,1261,0.524100342,178.7113402,8156.481405,1
2794,5,1641,0.468710784,182.7769653,8636.708151,1
2794,6,1090,0.372662878,166.6477064,6591.043733,1
2794,7,985,0.836557995,179.0213198,7380.060508,1
2794,8,1306,0.788986471,182.8369066,7456.803547,1
2794,9,372,0.971836051,199.6532258,7392.595219,0
2794,10,966,0.63220466,187.0196687,8430.645956,1
2794,11,1910,0.425947412,183.3827225,8531.355567,1
2794,12,537,0.965589613,183.5493482,6513.409809,0
2794,13,1989,0.628980925,181.4615385,8842.853297,1
2794,14,1283,0.44403039,161.6508184,6210.952726,1
2794,15,864,0.452778091,160.1319444,6352.436613,1
2794,16,869,0.761640967,163.2761795,6724.706703,1
2794,17,798,0.683179589,160.2756892,6371.859763,1
2794,18,1875,0.431809061,170.7456,6879.81183,1
2794,19,1501,0.497520543,171.8467688,7848.137095,1
2794,20,224,0.562037097,197.9732143,9061.77193,0
2794,21,1282,0.43911976,160.5132605,6777.012795,1
2794,22,948,0.600213331,165.1561181,7256.673015,1
2794,23,922,0.798437771,165.9642082,6039.180194,1
2794,24,786,0.766760996,171.1666667,7062.49793,1
2794,25,1266,0.436113774,154.7614534,6326.958032,1
2794,26,1545,0.528974424,161.7236246,6799.994755,1
2794,27,1241,0.449964731,165.0684932,7258.225507,1
2794,28,1219,0.446432008,142.3010664,5226.228531,1
2794,29,2171,0.486551172,150.7314602,5793.98602,1
2794,30,1221,0.792377409,161.2874693,5236.419444,1
2794,31,779,0.44019696,154.1797176,6168.960125,1
2794,32,1321,0.402567008,157.9288418,6359.599742,1
2794,33,1169,0.328461766,149.4234388,5619.425027,1
2794,34,1093,0.519439058,158.0247027,6704.58554,1
2794,35,1779,0.420086088,152.6492411,6063.044541,1
2794,36,1691,0.518974257,158.5452395,6414.939365,1
2794,37,1570,0.373390953,159.5012739,5816.899824,1
2794,38,788,0.658442323,179.4885787,7785.6576,1
2794,39,954,0.691807176,176.5660377,7544.755132,1
2794,40,840,0.40315503,151.427381,6384.151402,1
2794,41,949,0.328234272,167.5310854,6875.861736,1
2794,42,1548,0.486402414,168.3598191,7671.793253,1
2794,43,279,0.893892034,193.5913978,5956.860572,0
2794,44,1336,0.306217971,143.255988,3896.565445,1
2794,45,1524,0.433821538,141.6325459,4919.874242,1
2794,46,1506,0.42140533,150.5790173,5892.760403,1
2794,47,1590,0.382072613,149.2477987,5899.258489,1
2794,48,1128,0.687021815,134.0141844,4549.313292,1
2794,49,2491,0.25703261,142.1168206,4593.20362,1
2794,50,3739,0.368036191,141.5803691,4868.05708,1
2794,51,787,0.679192414,136.3316391,4525.260681,1
2794,52,1464,0.359736036,145.3237705,4754.32281,1
2794,53,1493,0.483254549,131.9249833,4532.328361,1
2794,54,1253,0.667044091,141.6169194,5462.259565,1
2794,55,1348,0.565828892,142.6416914,5626.264578,1
2794,56,568,0.80708244,138.4894366,4766.688881,1
2795,1,1969,0.409654068,161.7673946,6784.632457,1
2795,2,231,0.935696666,191.3376623,8070.531358,0
2795,3,1004,0.386597439,175.8366534,6913.206983,1
2795,4,900,0.687420238,179.8477778,8631.717322,1
2795,5,608,0.550203568,140.5263158,5682.917155,1
2795,6,1085,0.2778042,154.7852535,6585.778024,1
2795,7,2582,0.387699297,169.5441518,7331.631918,1
2795,8,2311,0.41054348,163.9536997,7295.552933,1
2795,9,1008,0.530876057,142.0168651,5281.90727,1
2795,10,896,0.455071828,140.2578125,5300.569042,1
2795,11,756,0.634884621,159.7103175,6871.299527,1
2795,12,962,0.340186973,161.466736,6575.503765,1
2795,13,1242,0.50849102,161.8413849,7239.594141,1
2795,14,1903,0.339118743,148.6852338,5262.976902,1
2795,15,990,0.50792145,142.7484848,5818.630914,1
2795,16,1157,0.582971875,134.0250648,5050.78667,1
2795,17,1803,0.453656741,154.5951192,6024.773363,1
2795,18,1176,0.511204599,131.9030612,4745.945408,1
2795,19,918,0.776553913,136.2037037,5114.536532,1
2795,20,1228,0.419817348,132.4845277,4494.053105,1
2795,21,1004,0.515338165,132.7968127,5077.271816,1
2795,22,953,0.419475525,143.6631689,4617.622335,1
2795,23,1302,0.387129277,141.9854071,5512.049422,1
2795,24,678,0.839527004,149.2935103,6066.284393,1
2795,25,1242,0.527413721,150.5442834,6390.573149,1
2795,26,1987,0.437540036,137.7891293,5146.573894,1
2795,27,1649,0.732742588,166.7483323,7386.620261,1
2795,28,1273,0.447547696,146.0070699,5791.917917,1
2795,29,1192,0.42428555,138.9236577,5078.090637,1
2795,30,621,0.913501625,139.3816425,4243.127472,1
2795,31,909,0.515536775,149.9977998,6114.424838,1
2795,32,682,0.477162268,120.6803519,3895.894645,1
2795,33,1058,0.40958811,135.3733459,4870.071307,1
2795,34,463,0.610814304,115.0259179,3508.593813,1
2795,35,999,0.571386676,139.7647648,5590.624719,1
2795,36,1406,0.781424528,154.7204836,5959.718662,1
2795,37,1317,0.794065948,134.9840547,4680.436547,1
2795,38,1368,0.594666574,137.6089181,5323.254464,1
2795,39,2138,0.504650103,151.9565014,5859.606351,1
2795,40,2570,0.478611779,159.9797665,6882.173212,1
2795,41,2008,0.325126525,137.1429283,5162.443444,1
2795,42,1350,0.617262956,134.4214815,4728.109935,1
2795,43,880,0.847553625,162.0659091,6646.162096,1
2795,44,1636,0.494661136,141.8331296,5322.008154,1
2795,45,1174,0.587700375,135.3500852,4934.725608,1
2795,46,848,0.764238723,148.3242925,5629.282174,1
2795,47,1398,0.548321761,136.3168813,4902.711448,1
2795,48,1041,0.524564029,154.648415,6473.335198,1
2795,49,1603,0.44159,144.9251404,5726.915991,1
2795,50,1944,0.406054763,159.0874486,6713.893246,1
2795,51,1285,0.5631235,144.3291829,5534.768677,1
2795,52,882,0.775636874,166.824263,7440.89378,1
2795,53,1501,0.548271033,155.4423718,6594.848966,1
2795,54,1641,0.304798062,135.1566118,4163.509931,1
2795,55,1408,0.444011399,135.4346591,4598.986098,1
2795,56,404,0.965145647,202.8267327,6929.941468,0
2795,57,1644,0.566574802,125.2925791,4183.180743,1
2795,58,1715,0.402203805,130.1830904,4326.502408,1
2795,59,1162,0.472572499,133.0223752,5093.852471,1
2795,60,241,0.375216062,126.5726141,4280.399235,1
2797,1,749,0.690291378,118.493992,4300.636191,1
2797,2,1216,0.831068843,119.5337171,3251.215765,1
2797,3,1452,0.445052481,109.8553719,3278.082071,1
2797,4,1410,0.643364499,110.9475177,3490.331252,1
2797,5,1799,0.461454294,111.2884936,3498.160428,1
2797,6,2097,0.524875505,109.3881736,3253.790749,1
2797,7,1863,0.354938914,116.9006978,3898.537845,1
2797,8,1308,0.476224274,109.2721713,3674.897875,1
2797,9,1860,0.317744672,115.0930108,2995.202825,1
2797,10,2167,0.253132459,120.3825565,2691.136379,1
2797,11,1248,0.445845409,125.9863782,3374.894104,1
2797,12,1136,0.820758696,131.0941901,5048.016686,1
2797,13,1255,0.616954422,114.3434263,3810.312014,1
2797,14,1261,0.795310191,113.2339413,2936.11588,1
2797,15,1623,0.459619049,119.4953789,4262.483136,1
2797,16,1646,0.538684461,121.9392467,4349.7033,1
2797,17,888,0.65627798,129.3524775,4819.615919,1
2797,18,1550,0.501254895,110.5219355,3474.719037,1
2797,19,1735,0.469510523,112.6017291,3376.315488,1
2797,20,1031,0.693208141,124.2764306,4793.845502,1
2797,21,603,0.893075482,153.1160862,5801.043572,1
2797,22,1090,0.499164883,118.5862385,3895.238882,1
2797,23,1708,0.421677446,129.7839578,5239.262088,1
2797,24,1525,0.394116336,127.1921311,5084.645716,1
2797,25,1784,0.45444119,120.7471973,4382.809276,1
2797,26,1124,0.742949758,150.8781139,6605.539121,1
2797,27,1106,0.819546524,148.8462929,6146.535113,1
2797,28,739,0.745661357,156.9580514,6152.415873,1
2797,29,1708,0.517363357,117.2845433,4290.195441,1
2797,30,1944,0.388742885,117.7602881,3817.297294,1
2797,31,1267,0.83503448,164.8508287,5838.672676,1
2797,32,1573,0.325788863,120.9561348,3784.844917,1
2797,33,1564,0.410338573,112.4808184,3953.242345,1
2797,34,1825,0.467347097,114.5424658,3732.620525,1
2797,35,1425,0.588250934,113.7340351,3559.189074,1
2797,36,917,0.661105671,116.5899673,4293.498546,1
2797,37,1572,0.470438764,116.0101781,3917.61328,1
2797,38,776,0.776229365,118.8427835,4270.05597,1
2797,39,722,0.654877888,116.4238227,4293.831143,1
2797,40,1366,0.441246414,118.8221083,4033.315169,1
2797,41,1575,0.46147618,114.0761905,3751.912684,1
2797,42,696,0.803590527,118.762931,4391.01117,1
2797,43,1656,0.428752897,116.0700483,3849.684385,1
2797,44,803,0.861523317,108.4196762,3149.055774,1
2797,45,1212,0.378291295,110.5239274,3361.702722,1
2797,46,1367,0.554412099,110.6773958,3553.54167,1
2797,47,923,0.761732659,121.0595883,4437.109486,1
2797,48,1423,0.442893121,108.2902319,3346.329209,1
2797,49,1242,0.660219228,118.6570048,4197.972143,1
2797,50,1072,0.664634275,118.5708955,4204.516145,1
2797,51,1119,0.396128337,118.6389634,3688.592109,1
2797,52,2052,0.30515239,115.8518519,3692.401156,1
2797,53,959,0.549561792,107.2679875,3303.962671,1
2797,54,952,0.736692726,118.0136555,4012.010698,1
2797,55,231,0.964164219,206.1904762,8251.958435,0
2797,56,1011,0.690538589,113.6092977,3662.887588,1
2797,57,1768,0.500681749,113.2409502,3551.62744,1
2797,58,585,0.614264117,127.1316239,4651.166344,1
2797,59,1492,0.339106744,112.8947721,3357.174382,1
2797,60,1618,0.502431622,116.2787392,3761.173863,1
2797,61,1733,0.583817464,113.2677438,3598.128097,1
2797,62,1327,0.39086333,109.2690279,3132.34075,1
2797,63,1127,0.420683254,113.5865129,3389.664964,1
2797,64,1325,0.440547034,115.4709434,3662.350115,1
2797,65,1666,0.44066575,111.1542617,3356.599059,1
2797,66,1550,0.630578973,115.6948387,3980.362915,1
2797,67,1454,0.410030825,122.457359,4121.32611,1
2797,68,1341,0.658646109,113.7919463,3722.783309,1
2797,69,1142,0.622343676,119.0341506,4329.216853,1
2797,70,617,0.858887616,178.4230146,6906.072125,1
2797,71,529,0.964676632,162.6729679,4910.652804,0
2797,72,402,0.903621078,175.4104478,6436.994536,1
2797,73,1203,0.449400378,123.9060682,4483.418424,1
2797,74,2072,0.450213833,136.7094595,5399.683624,1
2797,75,925,0.692772582,115.8908108,3744.564891,1
2797,76,1134,0.675014069,110.984127,3719.499486,1
2797,77,511,0.911341586,186.9510763,5945.253545,0
2797,78,2051,0.455367893,119.2486592,3782.114409,1
2797,79,1882,0.407205468,117.5366631,3984.295119,1
2797,80,1746,0.385044044,120.1981672,4220.990563,1
2797,81,1219,0.39392863,107.6825267,3224.538766,1
2797,82,300,0.971794292,173.8533333,5598.815125,0
2797,83,1744,0.334018154,115.7712156,3105.781736,1
2797,84,1678,0.523739929,115.4505364,3814.456151,1
2797,85,1556,0.431818205,111.3251928,3190.100709,1
2797,86,446,0.965650225,187.4237668,6444.444875,0
2797,87,2473,0.459039168,116.0614638,3379.786693,1
2797,88,1461,0.770456558,114.7371663,3479.046885,1
2797,89,1292,0.730371085,109.4643963,3298.108653,1
2797,90,1853,0.496550815,108.3540205,3287.913037,1
2797,91,1017,0.523633646,120.626352,4230.061488,1
2797,92,597,0.929477134,181.2847571,6654.917978,0
2797,93,1837,0.35859133,109.3489385,3057.523825,1
2797,94,1723,0.295578806,122.8508416,4281.74261,1
2797,95,619,0.864255563,140.365105,4986.971088,1
2797,96,577,0.957691086,164.7313692,4950.004249,0
2797,97,1288,0.670509894,127.6203416,5152.494216,1
2797,98,1198,0.391382361,117.3906511,4015.54233,1
2797,99,870,0.632257939,120.8413793,4412.515277,1
2797,100,1251,0.785181025,119.7513989,3322.73927,1
2797,101,1230,0.61840958,116.8292683,4064.840395,1
2797,102,1820,0.61686247,108.3928571,3382.514987,1
2797,103,1745,0.469276087,127.9140401,4855.386444,1
2797,104,1055,0.476780641,121.4094787,4187.968671,1
2797,105,1270,0.434364537,116.1480315,4014.324674,1
2797,106,1284,0.418264878,121.4096573,4462.293629,1
2797,107,1032,0.898718213,125.5261628,4377.471788,1
2797,108,1017,0.679962099,127.4001967,4773.977729,1
2797,109,1125,0.724579792,121.2391111,4343.813042,1
2797,110,1211,0.542803748,120.2708505,4653.393117,1
2797,111,1160,0.647655613,114.562069,3906.116977,1
2797,112,1301,0.496785283,112.7847809,3585.773161,1
2797,113,1191,0.517725066,118.0377834,4359.738987,1
2797,114,1122,0.601886153,119.0552585,4312.846569,1
2797,115,340,0.650537655,121.3852941,4500.385525,1
2797,116,1207,0.525923033,122.081193,4488.737693,1
2797,117,1256,0.512214352,123.5493631,4701.88003,1
2797,118,1266,0.608276001,119.1524487,4164.135252,1
2797,119,1302,0.485694995,113.0460829,4021.999235,1
2797,120,1043,0.562810126,117.4525407,4331.802351,1
2797,121,1088,0.668097455,121.0238971,4501.277054,1
2797,122,975,0.684574568,128.3476923,4989.106983,1
2797,123,1094,0.729303802,119.6115174,4288.779339,1
2797,124,1490,0.409145324,109.9536913,3431.516264,1
2797,125,1507,0.42734539,124.7796948,4590.134671,1
2797,126,1288,0.548532709,124.1622671,4741.634338,1
2797,127,1534,0.406655937,120.4504563,4463.712165,1
2797,128,321,0.951444608,150.2741433,4689.417413,0
2797,129,1483,0.527135972,118.5549562,4051.35867,1
2797,130,1452,0.673966357,108.7396694,3384.384163,1
2797,131,1839,0.430536377,106.9537792,3281.58675,1
2798,1,418,0.969737878,178.8301435,6338.493354,0
2798,2,364,0.974067212,200.1071429,7114.604438,0
2798,3,1409,0.590262707,133.9467708,4993.029592,1
2798,4,1314,0.436917065,127.1986301,4534.111909,1
2798,5,1604,0.42959234,129.042394,4702.01554,1
2798,6,1128,0.479529961,138.5833333,4943.537264,1
2798,7,918,0.399023953,149.7657952,5324.526531,1
2798,8,1183,0.467791756,135.8360101,4988.338598,1
2798,9,3287,0.439306234,144.2838455,5708.543132,1
2798,10,1705,0.597665573,128.9853372,4579.688784,1
2798,11,1837,0.58801375,126.642896,4280.343079,1
2798,12,2279,0.539925278,123.0179903,4070.896623,1
2798,13,2079,0.467848333,129.5743146,4549.079176,1
2798,14,1655,0.498725654,129.9679758,4820.408659,1
2798,15,1824,0.596505553,117.620614,3654.181272,1
2798,16,1604,0.562261337,119.8534913,4109.535978,1
2798,17,326,0.966264618,171.4110429,5427.259637,0
2798,18,1849,0.610453339,120.8988643,4137.560125,1
2798,19,870,0.78218153,156.0183908,6526.590968,1
2798,20,1233,0.596299764,122.3990268,4232.797192,1
2798,21,1343,0.52716826,115.5666418,3827.227557,1
2798,22,862,0.860072043,152.387471,5953.230176,1
2798,23,1366,0.564315485,119.7210835,4000.812498,1
2798,24,1498,0.525893694,118.3304406,3662.035656,1
2798,25,1123,0.470963989,125.3268032,4106.715199,1
2798,26,1046,0.563641208,147.3432122,6211.047539,1
2798,27,1482,0.52814275,128.951417,4872.579443,1
2798,28,1422,0.429109455,122.8895921,3973.439283,1
2798,29,486,0.969826016,183.4588477,5619.807992,0
2798,30,1285,0.438384262,129.277821,4898.95249,1
2798,31,1167,0.614615435,122.1773779,4226.046362,1
2798,32,1340,0.524186722,127.3119403,4483.891421,1
2798,33,294,0.944981342,174.7721088,6500.993194,0
2798,34,1545,0.544366546,154.1100324,7008.211461,1
2798,35,2985,0.330843034,124.2961474,3910.629407,1
2798,36,1764,0.514439551,119.6655329,4222.799272,1
2798,37,779,0.913877143,168.8613607,5851.366829,0
2798,38,1780,0.577572395,121.8646067,4226.715404,1
2798,39,1891,0.474517329,161.8514014,7538.947589,1
2798,40,1055,0.641290517,115.3744076,3777.378769,1
2798,41,755,0.565762577,122.0066225,4330.276107,1
2798,42,1017,0.65730175,119.0098328,4217.627259,1
2798,43,1547,0.763377317,112.2294764,3374.885282,1
2798,44,1307,0.434562244,119.8714614,3698.949289,1
2798,45,1657,0.537889044,123.2287266,4373.844694,1
2798,46,1967,0.356872183,118.5282156,3685.446998,1
2798,47,1279,0.749194678,134.8577013,4884.18421,1
2798,48,1354,0.683515829,122.7717873,3812.232661,1
2798,49,1006,0.71193755,127.0755467,4462.683639,1
2798,50,1740,0.604180134,125.2856322,4591.870679,1
2798,51,1200,0.80447038,124.9283333,3587.89631,1
2798,52,2526,0.513404869,128.4014252,4597.536565,1
2798,53,2271,0.58798178,121.4715984,4138.193548,1
2798,54,1515,0.470115187,119.2250825,3868.912886,1
2798,55,1749,0.725737309,119.2018296,3612.334501,1
2798,56,1627,0.836634042,118.5199754,2380.792942,1
2798,57,1967,0.474677147,116.7524148,3708.741318,1
2798,58,2064,0.337338423,123.8890504,3670.580878,1
2798,59,1535,0.497089904,109.818241,3403.489562,1
2798,60,1680,0.519542516,134.614881,5237.202591,1
2798,61,1334,0.835595798,129.0037481,4034.110625,1
2799,1,1740,0.300620343,143.5902299,5090.478412,1
2799,2,1730,0.525734384,141.1104046,5197.419474,1
2799,3,2566,0.22348448,147.8760717,5512.723823,1
2799,4,1113,0.397315776,136.9056604,4305.112149,1
2799,5,1236,0.639438881,151.22411,6530.553511,1
2799,6,1581,0.31273217,165.5471221,5260.720757,1
2799,7,598,0.627914431,156.4882943,6901.675679,1
2799,8,844,0.455992353,143.042654,5177.607201,1
2799,9,1511,0.333384103,161.8477829,5869.978174,1
2799,10,676,0.627774548,149.6183432,6024.278329,1
2799,11,1456,0.515460399,143.5082418,5646.261351,1
2799,12,1293,0.327586736,164.9783449,7134.031461,1
2799,13,1408,0.547204514,163.8430398,7174.983329,1
2799,14,1172,0.718250518,180.0912969,8260.484428,1
2799,15,1916,0.271739487,164.4660752,6031.760166,1
2799,16,691,0.6548282,173.5962373,7867.92603,1
2799,17,1593,0.469134389,144.1305712,5729.6966,1
2799,18,2316,0.549368947,150.8104491,5596.83783,1
2799,19,53,0.440147063,217.7924528,10892.64739,0
2799,20,805,0.712502011,174.6745342,7238.614074,1
2799,21,1902,0.367362155,170.6288118,6908.337776,1
2799,22,1726,0.405135268,146.603708,5690.97289,1
2799,23,1970,0.456019145,142.7761421,5219.882616,1
2799,24,1278,0.71123534,164.8935837,6889.796951,1
2799,25,770,0.81938662,165.6714286,5909.844352,1
2799,26,2132,0.401843699,163.2917448,6663.624815,1
2799,27,1386,0.384640124,167.8261183,6595.733453,1
2799,28,1382,0.383018207,166.5463097,6381.125391,1
2799,29,2042,0.443216197,157.2076396,6492.762484,1
2799,30,287,0.965670225,207.7804878,8292.687057,0
2799,31,913,0.658991994,168.8630887,7353.0669,1
2799,32,1781,0.793686247,149.2083099,5275.528433,1
2799,33,1399,0.387301262,169.5611151,7534.392287,1
2799,34,1821,0.207170393,124.0746842,3842.732904,1
2799,35,1501,0.578614515,191.308461,9563.008217,1
2799,36,588,0.301240555,130.8877551,3257.879575,1
2799,37,752,0.954560784,206.1103723,7976.808219,0
2799,38,1343,0.58379913,136.4906925,5072.899552,1
2799,39,1226,0.585882577,138.959217,5007.869543,1
2799,40,1228,0.365379112,136.1718241,5023.81776,1
2799,41,1273,0.405491695,175.1743912,7329.592849,1
2799,42,1360,0.657719123,149.0897059,5685.873695,1
2799,43,851,0.7276997,157.7250294,6652.104043,1
2799,44,954,0.4140092,168.0607966,7004.955501,1
2799,45,957,0.738160603,150.8275862,5667.694271,1
2799,46,833,0.550035296,161.7190876,6956.845964,1
2799,47,1228,0.491474061,155.3200326,6399.674352,1
2799,48,1242,0.488037581,133.1215781,4621.131252,1
2799,49,1005,0.499215081,139.2069652,5443.15355,1
2799,50,713,0.497313217,167.9831697,7520.130873,1
2799,51,698,0.802164018,149.8753582,5975.465052,1
2799,52,1082,0.498239647,126.0998152,4387.908459,1
2799,53,1985,0.51728951,144.0921914,5451.008718,1
2799,54,1460,0.504975803,132.140411,5025.293831,1
2799,55,883,0.646758759,144.5673839,5485.336768,1
2799,56,958,0.661418319,147.9979123,5904.922042,1
2799,57,1660,0.831736293,172.253012,6281.49954,1
2799,58,1326,0.358536594,146.9924585,5032.311683,1
2799,59,2070,0.572838024,175.0502415,7355.351876,1
2799,60,2029,0.544724557,142.0921636,5333.485789,1
2799,61,2740,0.319087441,179.7324818,8657.097786,1
2799,62,1818,0.41959707,155.1061606,6386.944926,1
2799,63,1956,0.483030658,130.9059305,4816.845625,1
2799,64,1960,0.51978522,156.1979592,6270.854971,1
2799,65,1244,0.484199981,131.0016077,4626.521181,1
2799,66,2102,0.35380314,132.2540438,4980.623872,1
2799,67,841,0.584221586,143.216409,5831.275415,1
2799,68,1273,0.556269485,150.0816968,6271.963715,1
2799,69,1326,0.456442932,187.0158371,8474.152833,1
2799,70,1319,0.537651585,172.8165277,7778.102584,1
2799,71,1782,0.596337108,136.3372615,4991.040625,1
2799,72,1475,0.444046389,158.8874576,6017.559586,1
2799,73,1522,0.514404962,150.3863338,5909.766107,1
2799,74,1634,0.42453855,138.1364749,5414.774586,1
2799,75,2157,0.438259532,127.718127,4525.617744,1
2799,76,1737,0.671702691,154.4093264,6074.144816,1
2799,77,1409,0.369332727,170.8026969,7545.872925,1
2799,78,1223,0.56365223,163.2142273,6919.851923,1
2799,79,1409,0.442987536,161.0113556,6453.522795,1
2799,80,1108,0.567261381,174.9151625,7145.24234,1
2799,81,1411,0.458501763,172.0737066,7671.054846,1
2799,82,444,0.961319955,170.8626126,5829.555859,0
2799,83,1180,0.650738557,127.1364407,4626.266827,1
2799,84,1798,0.473650328,164.1785317,7067.779126,1
2799,85,877,0.682771928,135.267959,4977.473015,1
2799,86,1395,0.439027258,132.9354839,4787.474767,1
2799,87,1722,0.342051528,162.8914053,6242.887744,1
2799,88,447,0.523736438,141.7651007,5345.375452,1
2799,89,1249,0.302395786,133.6813451,3840.707033,1
2799,90,807,0.704442795,148.889715,5703.673396,1
2799,91,373,0.942342892,164.6782842,4519.532566,0
2799,92,1011,0.577142787,123.3293769,4444.596238,1
2799,93,1185,0.461751932,132.7662447,4986.110705,1
2799,94,877,0.526786906,134.9521095,5089.231862,1
2799,95,925,0.902358679,128.4832432,3642.895234,1
2801,1,1416,0.34743277,112.279661,3369.832029,1
2801,2,560,0.692033109,130.9553571,4713.291368,1
2801,3,809,0.710245362,125.4054388,4853.504587,1
2801,4,177,0.810537183,161.1864407,4839.167707,0
2801,5,1532,0.538974518,111.6749347,3552.822761,1
2801,6,1441,0.427276278,110.7467037,3088.343808,1
2801,7,199,0.911281918,152.9045226,3974.850432,0
2801,8,483,0.963839436,160.3995859,4694.403531,0
2801,9,1483,0.370527258,118.2562374,4231.831216,1
2801,10,189,1.004405924,145.1005291,3628.303889,0
2801,11,865,0.762045494,110.3849711,3386.120072,1
2801,12,258,0.954392084,166.4224806,5326.392137,0
2801,13,1394,0.44931909,117.5889527,3641.713259,1
2801,14,1349,0.350811697,106.6656783,3195.574778,1
2801,15,364,0.950936351,156.4423077,4909.768176,0
2801,16,1235,0.564280437,109.5101215,3108.936045,1
2801,17,1810,0.453446594,109.9657459,3283.949474,1
2801,18,1016,0.537474672,108.0679134,3438.432436,1
2801,19,1377,0.319529663,113.9404503,3375.139579,1
2801,20,646,0.523149261,112.7383901,3363.345955,1
2801,21,1384,0.549643025,109.4812139,3056.610932,1
2801,22,1612,0.590359637,111.1916873,3464.267143,1
2801,23,241,0.964284933,178.7344398,5457.126807,0
2801,24,1139,0.46869222,119.1852502,3898.839608,1
2801,25,1066,0.552497448,114.7814259,3889.985034,1
2801,26,312,0.973691114,156.0352564,3877.658248,0
2801,27,875,0.660200977,119.3405714,4297.462626,1
2801,28,947,0.639661777,113.7402323,3722.880157,1
2801,29,1756,0.511901147,112.3320046,3480.390665,1
2801,30,1506,0.49618779,110.2363878,3455.087433,1
2801,31,1191,0.605994843,108.9605374,3288.169201,1
2801,32,377,0.984898363,166.3527851,4975.161511,0
2801,33,325,0.929548926,163.0430769,4779.159068,0
2801,34,324,0.94328769,165.9845679,4992.014543,0
2801,35,2082,0.34981523,116.6292027,3626.683293,1
2801,36,327,0.96922862,163.3761468,4773.888571,0
2801,37,1282,0.410655791,104.8588144,2772.452671,1
2801,38,360,0.980046971,160.5694444,4620.602711,0
2801,39,448,0.969980495,174.7008929,5512.766481,0
2801,40,2379,0.380366527,147.8772594,6229.867479,1
2801,41,1141,0.569224015,109.9991236,3358.993409,1
2801,42,469,0.970173395,169.9147122,4694.533837,0
2801,43,1976,0.385851415,119.6786437,3892.444567,1
2801,44,392,0.98356492,168.5790816,5168.61573,0
2801,45,292,0.971552646,141.7465753,3163.42304,0
2801,46,478,0.962164935,161.4832636,4929.760394,0
2801,47,405,0.967534622,185.037037,5752.542799,0
2801,48,1715,0.617229059,115.3597668,3601.610671,1
2801,49,484,0.965834963,171.9400826,5007.700664,0
2801,50,984,0.698783163,115.0315041,3820.276321,1
2801,51,482,0.961843909,153.9937759,3995.666597,0
2801,52,1687,0.453431347,114.7984588,3599.671977,1
2801,53,1992,0.339937905,107.9026104,2497.133754,1
2801,54,1365,0.380906501,109.0857143,3176.194126,1
2801,55,452,0.978641035,165.5619469,4870.129039,0
2801,56,1482,0.351591877,114.17139,2788.610908,1
2801,57,878,0.634353993,119.0865604,4317.036884,1
2801,58,1957,0.453238907,107.9371487,2843.804718,1
2801,59,1092,0.470651377,109.8058608,3631.83857,1
2801,60,1288,0.74456622,106.4681677,2928.488924,1
2801,61,341,0.968209888,168.9677419,5315.39664,0
2801,62,1085,0.559365017,112.5861751,3798.353923,1
2801,63,1476,0.313239133,109.101626,3251.08871,1
2801,64,393,0.861842767,188.0992366,6305.277934,0
2801,65,288,0.96903493,185.15625,6574.694425,0
2801,66,1917,0.591410515,113.8972353,3605.17006,1
2801,67,350,0.993763815,155.4485714,4065.562384,0
2801,68,1002,0.448900909,111.6936128,3299.032937,1
2801,69,399,0.953200775,185.1353383,5961.602575,0
2801,70,1487,0.588940751,111.3880296,3409.356034,1
2801,71,809,0.676706491,128.1965389,4954.381185,1
2801,72,1142,0.459135869,108.2565674,3165.818503,1
2801,73,482,0.976203015,161.4626556,4404.989931,0
2801,74,2058,0.523763532,134.02138,5073.921011,1
2801,75,460,0.945658916,158.6173913,4686.120222,0
2801,76,1303,0.784532128,156.9762087,6000.140655,1
2801,77,795,0.728764774,123.1937107,4739.784391,1
2801,78,963,0.810052636,125.6853583,4491.876133,1
2801,79,1271,0.488095672,121.1085759,3960.308965,1
2801,80,418,0.870083727,131.3923445,4922.223524,1
2801,81,1049,0.71244575,123.7912297,4566.961098,1
2801,82,1334,0.703483264,112.4092954,3521.931977,1
2801,83,525,0.957382291,150.4914286,4194.784277,0
2801,84,475,0.956126243,176.7894737,6026.7584,0
2801,85,1116,0.543378996,126.2293907,4788.150644,1
2801,86,1527,0.438719361,113.2213491,3463.978208,1
2801,87,353,1.00228179,164.4504249,4468.268078,0
2801,88,473,0.957975158,175.9852008,5360.671442,0
2801,89,241,0.984764232,176.9958506,5475.599214,0
2801,90,396,0.946033852,170.6691919,5159.40754,0
2801,91,434,0.96044287,152.6129032,4169.398433,0
2801,92,876,0.538673344,108.8995434,3404.709075,1
2801,93,274,0.99350831,133.3430657,3642.988783,1
2801,94,331,0.981084627,158.9425982,4515.821882,1
2801,95,1076,0.547891922,123.5139405,4487.194294,1
2801,96,506,0.954996034,179.1521739,5648.747098,0
2801,97,1419,0.687109079,114.7082452,3708.810764,1
2801,98,679,0.734094574,124.9793814,4821.561625,1
2801,99,1215,0.588632261,130.1069959,4912.958227,1
2801,100,1256,0.559055425,116.7173567,3893.825305,1
2801,101,812,0.444966882,118.3041872,4143.211527,1
2801,102,421,0.989706299,172.8622328,4393.828747,0
2801,103,613,0.738170675,125.7781403,4773.140144,1
2801,104,1503,0.35053018,116.8848969,4092.258909,1
2801,105,1758,0.354822811,115.923777,3213.078779,1
2801,106,1045,0.771467962,126.6095694,4843.694672,1
2801,107,323,0.9822068,176.3869969,4915.855444,0
2801,108,1516,0.206274774,114.0837731,2880.884608,1
2801,109,364,0.950936351,162.9450549,5064.429752,0
2801,110,781,0.941785126,185.2240717,6225.876217,0
2801,111,457,0.939491576,167.8752735,5291.273442,0
2801,112,527,0.942131473,161.9278937,5270.930009,0
2801,113,1327,0.682882661,136.743783,5624.257521,1
2801,114,1591,0.356565138,129.6719045,4748.011161,1
2801,115,1528,0.768354157,110.3036649,2755.369889,1
2801,116,1735,0.593403521,118.7072046,4019.268928,1
2801,117,2208,0.287175583,109.7169384,3013.259971,1
2801,118,1439,0.585225324,112.5476025,3513.195467,1
2801,119,1431,0.425069682,122.6002795,4532.81475,1
2801,120,261,0.965489667,151.9923372,4823.73096,0
2801,121,263,0.94581031,141.6311787,4334.321289,0
2801,122,1336,0.483887446,121.4633234,4539.242057,1
2801,123,1669,0.406738492,130.4991013,4298.901121,1
2801,124,1285,0.386466872,117.3859922,3644.449416,1
2801,125,1020,0.550655576,120.5372549,4521.434811,1
2801,126,407,0.97231257,152.8894349,3913.947137,0
2801,127,1718,0.657258886,115.1146682,3783.608331,1
2801,128,1016,0.487448235,104.2322835,3114.780266,1
2801,129,1195,0.563844002,113.4443515,3787.076261,1
2801,130,842,0.422416686,107.9869359,3086.822095,1
2801,131,1639,0.545278581,114.3611959,3773.607649,1
2801,132,1968,0.536742363,110.4039634,3260.62759,1
2801,133,265,1.008758759,153.6377358,4086.239032,0
2801,134,1476,0.584037972,114.9695122,3772.144028,1
2801,135,976,0.418999678,112.4139344,3716.07506,1
2801,136,836,0.779609174,125.15311,4555.748549,1
2801,137,1128,0.475204544,104.3510638,3196.19199,1
2801,138,1634,0.478955765,118.6560588,4317.478134,1
2801,139,1590,0.480948977,138.5471698,5488.204747,1
2801,140,1631,0.417778487,122.507664,3802.754272,1
2801,141,1518,0.706683904,138.9090909,5477.450159,1
2801,142,2057,0.750884674,112.1706368,2939.598868,1
2801,143,481,0.945832915,200.4594595,6795.422664,0
2801,144,256,0.994677953,163.6523438,5118.786265,0
2801,145,230,0.989648137,140.473913,3748.879328,0
2801,146,727,0.938387908,157.0206327,4683.170013,0
2801,147,1033,0.496401161,111.7870281,3722.29271,1
2801,148,345,0.969539625,163.2463768,4351.09093,0
2801,149,702,0.496269879,117.017094,3997.696729,1
2801,150,546,0.854684981,121.543956,3969.022334,1
2801,151,987,0.563442068,106.9219858,3175.077253,1
2801,152,775,0.463772224,110.5354839,3743.422271,1
2801,153,649,0.656031206,109.7657935,3806.796433,1
2801,154,411,0.959816537,177.7250608,5747.753317,0
2801,155,1037,0.789584185,132.4059788,5090.510013,1
2801,156,1670,0.344554047,109.7431138,3226.585945,1
2801,157,952,0.495782122,112.2163866,3865.840918,1
2801,158,930,0.559627447,121.3268817,4384.540805,1
2801,159,811,0.505501232,121.0924784,4062.518592,1
2801,160,1418,0.677932879,109.5091678,3145.824804,1
2801,161,1033,0.689056586,121.4027106,4280.486353,1
2801,162,944,0.442457615,103.5158898,3076.326017,1
2801,163,726,0.741637793,110.7300275,3571.765,1
2802,1,1325,0.420176237,156.6807547,6173.310268,1
2802,2,978,0.489803124,143.1400818,5799.42381,1
2802,3,1297,0.589868336,157.0979183,6130.986939,1
2802,4,2369,0.441804369,142.992824,5278.851928,1
2802,5,1019,0.492445942,144.4288518,5522.413961,1
2802,6,469,0.81810928,144.4882729,5759.555679,1
2802,7,507,0.74858231,168.8816568,7094.875452,1
2802,8,1115,0.595915393,155.3121076,6533.576487,1
2802,9,846,0.695448496,151.0035461,6108.9453,1
2802,10,1435,0.351340855,152.2195122,6235.444709,1
2802,11,1117,0.514982896,153.2712623,6300.296143,1
2802,12,2031,0.474999103,149.4382078,5542.066252,1
2802,13,1234,0.596783381,156.8047002,6518.414364,1
2802,14,404,0.95872007,195.0965347,8166.935746,0
2802,15,1706,0.501032647,145.5961313,5529.417184,1
2802,16,1934,0.3462455,149.368666,5649.364292,1
2802,17,360,0.987084807,214.2472222,7532.016317,0
2802,18,1311,0.572196099,154.9382151,6629.249755,1
2802,19,1785,0.557136933,148.4123249,5804.186515,1
2802,20,1114,0.827279425,150.3402154,4721.300273,1
2802,21,1286,0.636519321,145.9230171,5635.774567,1
2802,22,1712,0.474214701,159.2155374,6928.464736,1
2802,23,2390,0.575173153,165.3192469,7417.831667,1
2802,24,1630,0.437223573,160.9638037,6737.716311,1
2802,25,1789,0.56415937,134.7775293,4693.892624,1
2802,26,1740,0.662428391,140.312069,5159.332285,1
2802,27,2105,0.398378927,136.5942993,5087.334473,1
2802,28,2100,0.33765116,131.1395238,3750.779618,1
2802,29,1527,0.442491786,132.2436149,4365.287022,1
2802,30,1587,0.473912792,131.0932577,4663.584973,1
2802,31,1872,0.744288613,124.4225427,3675.53804,1
2802,32,222,0.955225593,160.1126126,5074.2714,0
2802,33,1769,0.788338557,128.8886376,4225.978907,1
2802,34,644,0.914262709,194.9829193,8322.755171,1
2802,35,1931,0.568769472,129.6022786,4497.487889,1
2802,36,571,0.829404145,155.3415061,6171.494375,1
2802,37,768,0.785548833,150.2929688,5102.953242,1
2802,38,1190,0.506515019,128.6420168,4334.539712,1
2802,39,1574,0.380606581,134.1410419,4996.018741,1
2802,40,1996,0.431722306,129.0806613,4306.600948,1
2802,41,1322,0.784748344,123.6301059,3233.631016,1
2802,42,1049,0.551497402,122.1000953,4228.683615,1
2802,43,1980,0.375600695,121.819697,4041.730896,1
2802,44,2099,0.538203618,126.5431158,4586.979377,1
2802,45,1418,0.283946887,118.6100141,3332.637961,1
2802,46,1784,0.47913391,124.8626682,4361.366022,1
2802,47,992,0.400570772,131.46875,4410.186675,1
2802,48,893,0.412627765,120.7010078,4347.684684,1
2802,49,484,0.704108149,126.3615702,4143.119753,1
2802,50,1927,0.345100731,118.920083,4033.376672,1
2802,51,1127,0.734995818,128.2102928,4160.659036,1
2802,52,1210,0.457845877,124.0570248,4455.141888,1
2802,53,1722,0.622071512,126.9500581,4509.18116,1
2802,54,1442,0.590414724,142.7815534,5762.116641,1
2802,55,1820,0.556903959,131.0021978,5003.292145,1
2802,56,1041,0.512168807,127.610951,4804.605028,1
2802,57,2110,0.544103865,121.0559242,3883.293788,1
2802,58,1710,0.482223323,130.6023392,5032.025144,1
2802,59,1042,0.390868552,140.440499,4693.073124,1
2802,60,2168,0.536677491,114.5738007,3429.592225,1
2802,61,1510,0.455216242,130.8198675,4744.661361,1
2802,62,2578,0.436565441,118.1718386,3791.389946,1
2802,63,1890,0.383262204,115.3867725,3534.950786,1
2802,64,1409,0.416735,123.602555,4272.562098,1
2802,65,855,0.7378774,135.8865497,5308.487384,1
2802,66,713,0.734773546,120.5890603,3888.487757,1
2802,67,476,0.534322821,126.0021008,4733.096434,1
2803,1,695,0.422706271,199.9107914,10332.35873,1
2803,2,1659,0.474628189,195.933695,9800.465118,1
2803,3,1687,0.415031077,192.9691761,8628.754949,1
2803,4,703,0.811672616,152.1024182,5473.968816,1
2803,5,1437,0.446356978,181.091858,7878.62011,1
2803,6,1568,0.396246892,197.2997449,10037.62142,1
2803,7,1151,0.361124129,173.3353606,7606.702533,1
2803,8,1332,0.704641991,177.6253754,7302.205493,1
2803,9,530,0.831503672,158.5113208,5813.014927,1
2803,10,1529,0.602049474,177.0176586,8040.438369,1
2803,11,1724,0.450488662,192.3770302,9038.42209,1
2803,12,1476,0.364820539,170.3597561,7682.130121,1
2803,13,1543,0.639519913,188.7751134,8468.503517,1
2803,14,1387,0.572331093,174.0511896,7995.894148,1
2803,15,2155,0.459324666,191.5470998,8166.271917,1
2803,16,944,0.936155024,214.2764831,8985.689094,0
2803,17,644,0.947335019,188.1086957,6323.170927,0
2803,18,1701,0.843432042,169.6919459,6399.531828,1
2803,19,1832,0.511424605,170.9279476,7744.913812,1
2803,20,1970,0.421286969,178.0522843,8106.325578,1
2803,21,2023,0.436620205,173.1888285,7412.138965,1
2803,22,1405,0.420316344,157.1046263,6610.716887,1
2803,23,1648,0.515105795,177.273665,7963.746615,1
2803,24,1148,0.384712241,149.4381533,5538.585191,1
2803,25,1189,0.507137619,149.4558452,5973.84117,1
2803,26,1037,0.539639249,159.6952748,6849.090821,1
2803,27,2143,0.356521854,184.5436304,8244.503797,1
2803,28,1333,0.308659379,167.1545386,7303.756168,1
2803,29,532,0.699381661,173.0037594,7856.776451,1
2803,30,1831,0.390589389,188.3276898,9260.548842,1
2803,31,1856,0.500771892,177.1761853,8223.941404,1
2803,32,1374,0.577888018,158.4221252,6757.485534,1
2803,33,1214,0.72992955,171.1301483,6345.732806,1
2803,34,1274,0.487937889,178.155416,7993.712886,1
2803,35,1388,0.772880964,162.3991354,5999.898714,1
2803,36,2343,0.531615561,175.0742638,7602.767768,1
2803,37,1178,0.457486757,176.9040747,8122.045943,1
2803,38,1379,0.68377001,165.751269,7158.719166,1
2803,39,1189,0.845795499,190.7880572,6734.097285,1
2803,40,698,0.691326187,166.0200573,7533.80847,1
2803,41,1350,0.391601816,157.3585185,6215.343153,1
2803,42,1342,0.869124899,161.0789866,5392.626871,1
2803,43,1486,0.243296199,172.3310902,7089.400112,1
2803,44,1760,0.442041868,158.5056818,6597.285518,1
2803,45,1848,0.433794573,166.33171,7211.942011,1
2803,46,1473,0.595957816,145.1934827,5819.151469,1
2803,47,1783,0.477166232,161.7240606,6454.776669,1
2803,48,1049,0.637589296,160.300286,6649.400015,1
2803,49,918,0.690362228,141.6655773,5587.937342,1
2803,50,1871,0.499789118,172.4377338,7788.901476,1
2803,51,1336,0.765174046,153.0172156,5672.767493,1
2803,52,1231,0.676686553,142.2843217,5391.282092,1
2803,53,850,0.841872864,162.0847059,6652.811124,1
2803,54,1668,0.553376119,149.2769784,5828.900143,1
2803,55,602,0.709554191,151.3671096,6053.413114,1
2803,56,1565,0.395362756,146.1348243,5283.43187,1
2803,57,1010,0.466253422,171.8772277,7520.383868,1
2803,58,1269,0.376083059,149.1465721,5930.931008,1
2803,59,577,0.479628703,154.3604853,5905.572901,1
2803,60,1400,0.694182751,178.8164286,7976.638687,1
2803,61,918,0.631196076,169.9302832,7322.758453,1
2803,62,804,0.83006278,171.8731343,7316.209182,1
2803,63,857,0.691327265,171.302217,7958.491104,1
2803,64,1422,0.396171609,143.0379747,5363.469446,1
2803,65,1468,0.129206925,151.9782016,1860.526539,1
2803,66,844,0.777290688,155.6066351,6599.45499,1
2803,67,2541,0.506114592,163.3801653,7396.823874,1
2803,68,1423,0.446753652,181.0498946,7938.421028,1
2803,69,1232,0.39674769,153.6112013,6187.32852,1
2803,70,1349,0.455124197,146.2905856,5723.932299,1
2803,71,1789,0.739063253,143.6953605,5380.975022,1
2803,72,1102,0.356717662,162.5426497,5868.094294,1
2803,73,1591,0.696878704,140.5637964,5318.612984,1
2803,74,1744,0.485097258,136.4770642,4856.197677,1
2803,75,1657,0.381836364,161.3114062,6189.093624,1
2803,76,1218,0.587579182,173.0558292,7663.399615,1
2803,77,744,0.755261632,153.9274194,6234.107114,1
2803,78,1751,0.338103023,134.4797259,4452.748251,1
2803,79,1152,0.590989824,140.6067708,5399.250297,1
2803,80,1308,0.673971808,162.6766055,6925.941561,1
2803,81,947,0.758022696,167.5681098,7099.575463,1
2803,82,1517,0.393631167,127.2577456,3881.043084,1
2805,1,1865,0.257295731,128.0579088,3300.348715,1
2805,2,987,0.501931277,100.266464,2878.098815,1
2805,3,1166,0.283006443,105.4279588,3067.0748,1
2805,4,920,0.451701303,103.0717391,2782.881779,1
2805,5,662,0.338743268,108.2673716,2850.098128,1
2805,6,931,0.876398338,104.433942,2777.175927,1
2805,7,965,0.591392278,116.6880829,4208.643615,1
2805,8,956,0.769948363,116.2165272,3413.344073,1
2805,9,1531,0.721124219,110.7210973,3431.312406,1
2805,10,910,0.527489544,107.8505495,3308.648759,1
2805,11,228,0.981042501,167.3596491,5063.611063,0
2805,12,1426,0.624913705,114.0848527,3712.679092,1
2805,13,1010,0.641083738,112.1336634,3329.960241,1
2805,14,654,0.602978762,122.8547401,4538.816801,1
2805,15,904,0.444172483,122.0840708,4523.413748,1
2805,16,958,0.556701933,104.5563674,3188.550711,1
2805,17,852,0.786010367,112.1701878,3942.239816,1
2805,18,151,1.027648822,182.2913907,5093.853641,0
2805,19,1549,0.333416444,124.2014203,3789.087758,1
2805,20,1848,0.658282855,106.7218615,2862.995304,1
2805,21,122,1.040522957,169.5327869,5882.371261,0
2805,22,336,0.961010582,154.3988095,4181.073447,0
2805,23,741,0.612821829,128.7786775,4903.369166,1
2805,24,966,0.530017811,110.0662526,3784.024736,1
2805,25,1563,0.3310419,108.1426743,2772.832052,1
2805,26,246,0.955823345,178.3089431,6221.205322,0
2805,27,1552,0.460084968,110.9465206,3670.587015,1
2805,28,615,0.928053945,174.4569106,6752.67046,0
2805,29,1144,0.543004937,115.3155594,4009.836833,1
2805,30,1227,0.703700544,115.99185,3945.24961,1
2805,31,1299,0.563339631,111.6466513,3494.498005,1
2805,32,641,0.767792769,140.3291732,5132.72681,1
2805,33,1038,0.71046848,115.9267823,3553.116162,1
2805,34,1126,0.633964118,115.1296625,4063.224184,1
2805,35,865,0.829578519,118.0427746,4077.127107,1
2805,36,276,0.973178104,153.326087,4621.016137,0
2805,37,497,0.949267373,165.7424547,4371.8059,0
2805,38,858,0.532707287,120.0606061,4348.641161,1
2805,39,1017,0.539495235,116.2812193,4238.742409,1
2805,40,982,0.510357699,113.0020367,3981.638517,1
2805,41,952,0.610516959,120.4065126,4524.297229,1
2805,42,257,1.007139161,174.848249,4276.892435,0
2805,43,1279,0.619638405,121.881939,4303.327903,1
2805,44,404,0.965145647,178.4851485,5452.218344,0
2805,45,570,0.678585572,122.6631579,4289.060826,1
2805,46,447,0.96781536,187.5771812,6352.359217,0
2805,47,406,0.948139937,163.2413793,5111.402454,0
2805,48,880,0.533114466,112.7738636,3912.028717,1
2805,49,1410,0.418831762,113.5368794,3744.562307,1
2805,50,1247,0.401000949,115.9214114,3893.401599,1
2805,51,1441,0.505503216,112.5253296,3780.221152,1
2805,52,1115,0.470501995,133.7210762,5544.580685,1
2805,53,143,0.850327571,180.8181818,7061.06047,0
2805,54,1317,0.545850761,111.3181473,3527.891813,1
2805,55,1006,0.653795568,122.8548708,4449.753774,1
2805,56,1382,0.491543053,108.6418234,3237.330601,1
2805,57,1728,0.278487585,129.7962963,4740.526837,1
2805,58,513,0.693322447,121.1734893,4392.623719,1
2805,59,244,0.913326032,144.0409836,5822.323831,1
2805,60,1082,0.671782383,112.9704251,3735.356965,1
2805,61,308,0.94667308,189.8409091,6495.766873,0
2805,62,744,0.676395222,110.8266129,3820.432648,1
2805,63,1493,0.399186089,122.0107167,4015.427774,1
2805,64,178,0.979021949,170.0617978,5088.266351,0
2805,65,781,0.659893196,115.7861716,4296.275286,1
2805,66,1670,0.533857496,112.8449102,3477.501189,1
2805,67,908,0.645501636,109.5132159,3517.261882,1
2805,68,651,0.763715045,132.0337942,5247.966302,1
2805,69,743,0.744554296,130.461642,5193.518058,1
2805,70,1368,0.487516384,117.7002924,4260.753041,1
2805,71,1655,0.399342517,109.7383686,3133.280387,1
2805,72,1441,0.461313071,113.7654407,3865.541966,1
2805,73,1171,0.599694085,123.4167378,4822.96462,1
2805,74,1133,0.464273883,120.3380406,4465.692088,1
2805,75,1284,0.759655471,115.152648,3636.657675,1
2805,76,1003,0.352117072,110.4825523,3246.722522,1
2805,77,760,0.451765172,116.2934211,4193.043216,1
2805,78,1458,0.647643887,123.6687243,4628.570899,1
2805,79,244,0.997022708,158.9467213,4480.96276,0
2805,80,1391,0.735514422,124.7260963,4547.201655,1
2805,81,891,0.559133282,125.1784512,4610.495196,1
2805,82,800,0.538683618,122.62875,4371.673643,1
2805,83,2108,0.555102544,115.0075901,3615.806968,1
2805,84,1905,0.376345391,113.4708661,3307.923609,1
2805,85,681,0.695668508,125.0837004,4586.93465,1
2805,86,1013,0.404776444,126.5528134,4499.601748,1
2805,87,288,0.908591886,163.53125,5417.725284,0
2805,88,338,0.566384088,182.5769231,6801.708785,1
2805,89,657,0.741807305,125.8158295,4599.957969,1
2805,90,731,0.850261297,121.5909713,3499.472601,1
2805,91,1701,0.835771454,117.1599059,3714.571026,1
2805,92,2147,0.24151519,107.7713088,2227.250853,1
2805,93,2012,0.546269912,120.9100398,4292.564728,1
2805,94,1368,0.535000526,118.5899123,4054.769995,1
2805,95,1407,0.416717973,120.652452,4385.06604,1
2805,96,1304,0.314566963,117.6342025,3447.601704,1
2805,97,2195,0.232697654,119.1275626,3041.236637,1
2805,98,107,0.874437949,210.2336449,9700.871521,0
2805,99,1405,0.766385183,123.1957295,4070.884752,1
2805,100,451,0.816952573,136.72949,5292.569977,1
2805,101,675,0.920154713,151.717037,5269.704121,1
2805,102,1447,0.394125332,124.0794748,3959.299534,1
2805,103,1464,0.461670943,120.2472678,4149.440186,1
2805,104,1324,0.658849417,119.179003,3491.971745,1
2805,105,232,0.947988804,178.9784483,6226.381488,0
2805,106,1309,0.302271638,119.2574484,3973.471877,1
2805,107,1184,0.538016424,106.4163851,3253.988468,1
2805,108,1724,0.192349014,118.7169374,2262.901278,1
2805,109,1654,0.433786359,127.4993954,4843.821848,1
2805,110,885,0.409722785,133.499435,4430.332503,1
2805,111,839,0.594649755,121.5017878,4579.210428,1
2805,112,540,0.654276845,118.7296296,4257.896795,1
2805,113,981,0.379530682,115.0754332,3630.085187,1
2805,114,1088,0.39759277,124.4200368,4307.724076,1
2805,115,1018,0.531125095,115.9390963,3961.433171,1
2805,116,1071,0.833726977,132.503268,4442.774013,1
2805,117,1242,0.485498629,109.3309179,3565.185226,1
2805,118,1392,0.65851517,111.7787356,3095.455014,1
2805,119,1114,0.554349132,108.4066427,3484.11417,1
2805,120,225,0.939120992,174.8533333,6471.742022,0
2805,121,1324,0.55155906,114.5808157,4023.286997,1
2805,122,1475,0.36614773,117.3728814,4255.365619,1
2805,123,1025,0.553053009,122.0819512,4716.452007,1
2805,124,1032,0.479774902,118.6589147,4195.547291,1
2805,125,1486,0.49655354,117.6399731,3896.967389,1
2805,126,914,0.80242801,121.2111597,4237.805417,1
2805,127,1541,0.470405285,109.6748864,3411.025339,1
2805,128,865,0.829578519,126.2878613,4653.002125,1
2805,129,1223,0.57363878,131.1610793,5146.950435,1
2805,130,1132,0.524074794,121.2526502,4345.321893,1
2805,131,889,0.657313777,114.0461192,3855.038918,1
2805,132,1301,0.512716452,115.8670254,3966.481189,1
2805,133,743,0.700716668,121.7658143,4598.762067,1
2805,134,1030,0.502394291,117.9058252,4346.8516,1
2805,135,789,0.573029659,121.5716096,4446.344501,1
2805,136,834,0.728011513,130.6702638,5244.309102,1
2805,137,1692,0.54387163,130.9556738,4926.147013,1
2805,138,1382,0.429299054,111.5021708,3579.689853,1
2805,139,1150,0.489489304,113.1104348,3715.795405,1
2805,140,1624,0.481899483,111.0511084,3421.830368,1
2805,141,1358,0.549613811,117.7216495,4030.418709,1
2805,142,453,0.447635325,113.9558499,3616.912482,1
2805,143,190,0.74457759,177.0736842,7351.323041,1
2806,1,1856,0.509168249,148.0290948,5539.058564,1
2806,2,747,0.878041099,151.0950469,5349.786505,1
2806,3,875,0.822251507,142.5542857,5029.506713,1
2806,4,1702,0.5713421,150.0646298,5820.695164,1
2806,5,1248,0.643398656,154.6161859,6517.881585,1
2806,6,1819,0.376341509,161.9736119,6476.976434,1
2806,7,362,0.952363485,186.6077348,6080.059249,0
2806,8,1492,0.448281689,152.7654155,6411.337142,1
2806,9,1801,0.516098047,156.9938923,6824.049074,1
2806,10,199,0.975644049,187.7889447,6570.640076,0
2806,11,404,0.965145647,183.5544554,6079.164336,0
2806,12,832,0.415069571,143.0360577,6103.03238,1
2806,13,241,0.955988817,141.2323651,4236.562062,0
2806,14,488,0.86034586,162.6209016,6857.407386,1
2806,15,754,0.790265465,154.8992042,6350.374971,1
2806,16,989,0.494019484,136.0131446,5148.497557,1
2806,17,782,0.877226743,143.9411765,4676.926648,1
2806,18,1252,0.786926171,131.9185304,3903.885983,1
2806,19,1080,0.749456658,131.9916667,4328.407962,1
2806,20,1992,0.705704442,135.7329317,4792.905012,1
2806,21,1156,0.551988472,152.5008651,6569.818932,1
2806,22,1986,0.566324581,136.5513595,5064.114366,1
2806,23,1633,0.563131045,146.397428,5938.197281,1
2806,24,1031,0.458906165,148.2095053,5835.937389,1
2806,25,881,0.587665878,134.7820658,5183.620905,1
2806,26,982,0.529443181,130.7851324,4940.427203,1
2806,27,963,0.568307522,134.192108,5183.083708,1
2806,28,1646,0.498091508,142.5012151,5501.926333,1
2806,29,1399,0.670023462,121.7248034,3729.132584,1
2806,30,988,0.725239782,126.3532389,3536.912668,1
2806,31,1281,0.48975663,130.9601874,4731.95404,1
2806,32,1816,0.464969979,122.8623348,4122.078744,1
2806,33,1363,0.511149699,125.45708,4307.561639,1
2806,34,2294,0.358616423,129.9934612,4826.720862,1
2806,35,1842,0.561108615,125.1878393,4125.587987,1
2806,36,2974,0.343880689,138.0507734,5103.163077,1
2806,37,798,0.622600568,149.2894737,6410.47196,1
2806,38,1585,0.451185786,131.3772871,4484.105405,1
2806,39,1422,0.8655842,138.7749648,4956.730773,1
2806,40,1659,0.387919665,125.20434,4072.378978,1
2806,41,1571,0.376707136,124.8752387,4135.922675,1
2806,42,375,0.970050754,193.2106667,6128.186466,0
2806,43,1870,0.452181897,125.4454545,4339.6763,1
2806,44,1398,0.437146251,123.4370529,4581.091411,1
2806,45,1644,0.403248693,120.8351582,3899.192664,1
2806,46,1384,0.436936235,126.9617052,4474.50113,1
2806,47,1586,0.533415002,119.5327869,3470.534476,1
2806,48,1229,0.313299996,115.7705452,3701.157252,1
2806,49,742,0.78258558,126.0202156,4335.969549,1
2806,50,627,0.906013561,125.8883573,4018.194647,1
2806,51,809,0.849469523,124.0457355,4237.365723,1
2806,52,1525,0.357955553,124.122623,4525.488296,1
2806,53,1539,0.749725675,120.3937622,3547.169199,1
2806,54,1204,0.723500206,120.8172757,4153.243672,1
2806,55,2079,0.313593963,119.7330447,3204.461533,1
2806,56,1103,0.732711465,131.793291,4998.695184,1
2806,57,1716,0.393793842,120.5541958,3926.898519,1
2806,58,1456,0.470516887,125.3557692,4661.368229,1
2806,59,263,0.961532773,190.9315589,6127.189909,0
2806,60,1617,0.436524859,122.0921459,4240.036472,1
2806,61,1717,0.62909632,120.543972,3927.449398,1
2806,62,606,0.810830674,158.4488449,6861.38819,1
2806,63,526,0.749003919,145.4429658,5770.451156,1
2806,64,1849,0.723250235,124.3661439,4350.400317,1
2806,65,1189,0.700772745,129.5777965,4353.850249,1
2806,66,1727,0.652285812,122.8222351,4340.81289,1
2806,67,1600,0.402685549,129.100625,4392.81895,1
2806,68,1715,0.43521597,130.6997085,4434.166562,1
2806,69,1689,0.662983761,122.8667851,4296.265102,1
2807,1,1305,0.362524286,136.7180077,4998.094238,1
2807,2,1476,0.266567221,155.5169377,5307.342629,1
2807,3,1264,0.521576425,138.346519,5115.469878,1
2807,4,1577,0.327026975,143.0786303,5635.076655,1
2807,5,1601,0.366772849,151.7932542,5567.9453,1
2807,6,162,0.444188163,168.691358,6691.848889,0
2807,7,1525,0.594903425,136.3344262,5106.949371,1
2807,8,235,0.894559655,189.4255319,7568.886479,0
2807,9,1033,0.824601225,142.3901258,5315.000424,1
2807,10,1213,0.647991453,146.3380049,5767.94058,1
2807,11,1403,0.476933591,141.3150392,5792.039956,1
2807,12,1794,0.539549859,120.5384615,3974.208676,1
2807,13,1836,0.521636818,116.7619826,3761.488294,1
2807,14,1514,0.459506116,118.651255,3830.342966,1
2807,15,1192,0.622240572,121.8733221,4430.501516,1
2807,16,1272,0.440880903,115.6918239,3662.695521,1
2807,17,1854,0.482579714,128.1796117,4522.298599,1
2807,18,1598,0.41894015,119.8072591,3700.070371,1
2807,19,1345,0.361763352,123.9360595,3293.247755,1
2807,20,1129,0.457886803,138.7218778,5453.9222,1
2807,21,938,0.653270689,139.369936,5245.092026,1
2807,22,1291,0.487039692,127.3361735,4416.86223,1
2807,23,1270,0.47911728,132.8598425,4929.724354,1
2807,24,1230,0.652986329,141.0756098,5216.468025,1
2807,25,1000,0.422436969,145.448,5544.965044,1
2807,26,1051,0.548342313,154.1979068,6712.150131,1
2807,27,1252,0.476643877,146.1789137,5706.154697,1
2807,28,1267,0.601387461,127.8918706,4512.927877,1
2807,29,1727,0.441615506,126.4319629,4895.692679,1
2807,30,1793,0.353737601,141.2532069,4428.250204,1
2807,31,1159,0.354746839,141.7860224,4547.411093,1
2807,32,1167,0.752079003,125.3410454,3941.432844,1
2807,33,1888,0.351795204,126.3606992,3908.251728,1
2807,34,1740,0.493222936,128.0264368,4755.730849,1
2807,35,1523,0.537961833,159.6106369,6931.840975,1
2807,36,1714,0.534976304,126.7998833,4228.189226,1
2807,37,1827,0.437278016,139.6885605,5239.395112,1
2807,38,1531,0.294665255,135.5519268,4177.338271,1
2807,39,1420,0.534664458,145.3464789,5578.058656,1
2807,40,1554,0.520354223,137.7619048,5094.215306,1
2807,41,1501,0.517066963,116.9933378,3970.058469,1
2807,42,1703,0.51534012,134.0616559,4993.453512,1
2807,43,1865,0.466214631,141.8825737,5459.538932,1
2807,44,1259,0.529775545,120.350278,4226.145801,1
2807,45,2150,0.445080318,114.964186,3772.73388,1
2807,46,1774,0.681887773,116.6640361,3289.121084,1
2807,47,1690,0.525160509,121.7035503,4328.079795,1
2807,48,2269,0.400281292,120.0925518,3713.980923,1
2807,49,195,0.66354808,134.8974359,4268.713438,0
2807,50,1081,0.291250548,121.120259,3076.874477,1
2807,51,1195,0.361467941,127.8769874,4271.366456,1
2807,52,969,0.790343482,131.0196078,4945.627258,1
2807,53,811,0.749476187,122.6609125,4547.20113,1
2807,54,962,0.525437652,136.3336798,5188.126804,1
2807,55,946,0.833319589,122.7293869,4422.250122,1
2807,56,1234,0.357506537,128.6880065,4904.991339,1
2807,57,1419,0.635718951,115.7075405,3832.900465,1
2807,58,1757,0.382427572,125.5202049,3905.54966,1
2810,1,1091,0.839647461,110.9587534,3305.556013,1
2810,2,1885,0.376944618,113.4679045,3531.132362,1
2810,3,236,0.964333439,170.1991525,5315.632545,0
2810,4,125,1.034299995,186.376,6384.647395,0
2810,5,2005,0.377075749,108.0024938,2705.48351,1
2810,6,1075,0.648155576,117.1367442,4048.423785,1
2810,7,1742,0.375804841,109.4087256,2926.1584,1
2810,8,132,0.673504423,174.4924242,7734.106909,0
2810,9,297,1.007300122,182.1212121,5130.11088,0
2810,10,133,0.87809702,186.4962406,7982.395897,0
2810,11,203,1.004863872,128.3152709,3256.182222,0
2810,12,1252,0.850837288,114.2619808,3438.112716,1
2810,13,237,0.989207445,185.3333333,6530.699176,0
2810,14,134,0.991384026,178.0671642,6945.192398,0
2810,15,207,0.991782235,174.5797101,5127.096747,0
2810,16,91,0.995095588,190.2307692,6068.53798,0
2810,17,125,0.69351219,148.608,5506.336726,0
2810,18,448,0.92912747,185.5446429,6900.79932,0
2810,19,173,0.999938412,189.5606936,6942.972497,0
2810,20,190,1.009720242,175.8,5708.102708,0
2810,21,602,0.9372617,164.5747508,5189.572359,0
2810,22,1908,0.413663606,110.2321803,3269.089764,1
2810,23,392,0.95179074,173.1122449,5762.126417,0
2810,24,421,0.961333782,173.7434679,5870.749882,0
2810,25,913,0.501213872,116.8849945,4389.065948,1
2810,26,355,0.983318395,191.9521127,6869.293271,0
2810,27,1242,0.474628007,114.1272142,3691.505067,1
2810,28,919,0.644286993,141.7377584,5892.232692,1
2810,29,1240,0.517164254,116.6379032,3806.115219,1
2810,30,1922,0.420638037,113.5983351,3554.864468,1
2810,31,857,0.538654735,125.5052509,4903.936065,1
2810,32,1591,0.308552742,116.3155248,3056.25685,1
2810,33,1267,0.7242647,112.8310971,3442.027776,1
2810,34,1236,0.659719132,118.4190939,4052.090604,1
2810,35,1323,0.68810063,114.6727135,3891.714611,1
2810,36,974,0.53228411,134.7700205,5588.451049,1
2810,37,292,0.938552897,177.6267123,6593.716944,0
2810,38,1246,0.735737673,108.288122,3122.62564,1
2810,39,1435,0.782142393,118.9623693,2987.251329,1
2810,40,790,0.916379095,147.8974684,3982.160818,0
2810,41,567,0.959272481,176.0229277,5383.347783,0
2810,42,1373,0.614373133,114.7327021,3690.295971,1
2810,43,393,0.976580612,172.0687023,5068.213212,0
2810,44,989,0.586741429,112.8331648,4033.306342,1
2810,45,1328,0.477465043,114.0753012,3822.695385,1
2810,46,1304,0.439752408,112.2891104,3434.880185,1
2810,47,386,0.975185942,191.6813472,6154.857024,0
2810,48,567,0.83150731,134.1569665,5656.386448,1
2810,49,1332,0.508622596,115.8340841,3805.665005,1
2810,50,875,0.46790064,120.1257143,4491.879004,1
2810,51,2277,0.458182505,111.3864734,3310.011345,1
2810,52,384,0.970133165,189.2317708,6155.48403,0
2810,53,968,0.358482142,116.2386364,3271.518343,1
2810,54,425,0.955320792,163.5552941,5165.77528,0
2810,55,1602,0.336061516,113.0961298,3740.758526,1
2810,56,2027,0.425915717,111.4691663,3301.731183,1
2810,57,1407,0.876552872,135.3511016,4037.530931,1
2810,58,1464,0.562029547,118.5280055,3917.627567,1
2810,59,1972,0.49554865,110.2474645,3143.642289,1
2810,60,763,0.961877708,179.2961992,5311.898602,0
2810,61,718,0.937874038,165.948468,5314.890055,1
2810,62,1318,0.487255094,112.7359636,3713.826466,1
2810,63,302,0.978272921,194.5463576,6558.916143,1
2810,64,369,0.963998663,187.6341463,6700.454586,1
2810,65,403,0.978499153,182.1141439,5721.255027,0
2810,66,1242,0.908724141,143.3590982,4211.173385,1
2810,67,1413,0.550595341,117.9483369,3987.682493,1
2810,68,1281,0.412773437,110.5081967,3389.278368,1
2810,69,622,0.926681794,171.7877814,5865.261399,0
2810,70,520,0.953832228,174.8076923,5249.299383,0
2810,71,2095,0.330465903,114.3842482,3071.606495,1
2810,72,977,0.75646046,128.1074719,4761.145254,1
2810,73,1582,0.60820307,116.8830594,3834.058679,1
2810,74,1847,0.302724991,109.5646995,3092.748099,1
2810,75,1054,0.688383869,120.6328273,4181.775297,1
2810,76,700,0.75101659,128.98,5147.791302,1
2810,77,846,0.576984038,117.2825059,4250.837859,1
2810,78,2088,0.200730165,115.908046,2889.183928,1
2810,79,1109,0.703861642,119.3345356,4261.926526,1
2810,80,708,0.832199596,143.8686441,5932.283297,1
2810,81,1153,0.465582763,114.7025152,3804.17778,1
2810,82,1222,0.388344885,118.5212766,3508.749134,1
2810,83,171,0.98837843,180.9356725,6699.352099,0
2810,84,1366,0.46367007,116.4114202,3587.701525,1
2810,85,1725,0.398819367,114.6568116,3784.471842,1
2810,86,1197,0.486413221,115.0467836,3901.628598,1
2810,87,1432,0.673129146,120.0837989,3935.297067,1
2810,88,1102,0.50282814,115.3402904,4126.271237,1
2810,89,1269,0.622729076,112.5429472,3418.593761,1
2810,90,1320,0.706132706,115.6204545,3893.078938,1
2810,91,1425,0.490005607,122.4975439,4534.049135,1
2810,92,1679,0.381743891,114.7403216,3533.94313,1
2810,93,1070,0.550922322,119.6130841,4258.546305,1
2810,94,2167,0.42532713,109.589294,3105.626952,1
2810,95,1595,0.640835561,124.1667712,4835.125542,1
2810,96,1888,0.533943882,111.7166314,3414.879499,1
2810,97,1140,0.555148833,115.0175439,4023.066912,1
2810,98,365,0.953548813,184.460274,6569.800145,0
2810,99,1438,0.492037487,112.6578581,3687.53032,1
2810,100,345,0.907639233,164.2898551,5522.636064,0
2810,101,1392,0.474887855,136.3979885,5329.673526,1
2810,102,1392,0.396403515,109.9166667,3571.797298,1
2810,103,913,0.635465473,136.9496166,5714.705008,1
2810,104,1209,0.544790458,111.0678246,3656.392735,1
2810,105,776,0.799697435,125.4561856,4550.016166,1
2810,106,332,0.966578744,187.6656627,6280.683192,0
2810,107,508,0.817181718,136.238189,4405.500331,1
2810,108,967,0.847533735,163.5563599,6518.612281,1
2810,109,1538,0.389512834,115.5253576,3788.68333,1
2810,110,1251,0.413021702,128.1830536,4940.362992,1
2810,111,1246,0.499811402,121.581862,4268.339569,1
2810,112,1129,0.783459784,117.0460585,3407.037363,1
2810,113,324,0.94328769,161.2407407,5135.994082,0
2810,114,1440,0.586776908,122.3951389,4491.66663,1
2810,115,1392,0.447762311,131.4597701,4861.206424,1
2810,116,472,0.95594984,185.2076271,6045.214656,0
2810,117,1269,0.385147465,117.0330969,4194.34727,1
2810,118,1206,0.527250983,113.5248756,3921.821001,1
2811,1,784,0.664750249,166.994898,6886.889322,1
2811,2,620,0.517763662,179.5774194,8322.855233,1
2811,3,918,0.433679437,178.8235294,7932.264518,1
2811,4,1086,0.646442045,177.0828729,8168.198953,1
2811,5,1007,0.44383621,188.2820258,9120.156285,1
2811,6,666,0.779170588,191.1831832,9545.64927,1
2811,7,1133,0.530772949,184.9655781,8780.471099,1
2811,8,1814,0.351570521,177.137817,7403.877593,1
2811,9,2078,0.364578293,178.1039461,7695.129619,1
2811,10,1606,0.571467395,176.7552927,8230.204552,1
2811,11,1519,0.655779431,180.3219223,8467.85583,1
2811,12,1661,0.581368754,171.4599639,7833.341146,1
2811,13,1799,0.469981953,175.5908838,7472.104065,1
2811,14,883,0.762413743,177.8312571,7898.134238,1
2811,15,1067,0.463595489,172.5285848,7765.635574,1
2811,16,884,0.581415277,169.6108597,7609.130503,1
2811,17,1784,0.562817348,174.7617713,7588.209918,1
2811,18,894,0.46047684,177.1096197,8243.597291,1
2811,19,978,0.634680677,182.5736196,8176.961357,1
2811,20,1687,0.615544084,173.7255483,7829.213828,1
2811,21,1814,0.506540241,179.3814774,8234.352627,1
2811,22,1767,0.889997738,172.5517827,6167.372369,1
2811,23,267,0.888371769,196.6404494,7706.316597,0
2811,24,1661,0.411279655,176.6568332,7304.104579,1
2811,25,1162,0.608154924,157.0215146,6524.103917,1
2811,26,1147,0.585413444,169.2920663,6649.475672,1
2811,27,124,0.756503864,204.3548387,8434.647386,0
2811,28,1969,0.564081851,157.8344337,6219.959739,1
2811,29,1696,0.408769953,163.4481132,7128.42745,1
2811,30,1971,0.475418131,157.7666159,6162.318242,1
2811,31,425,0.926071961,209.5788235,7958.998658,0
2811,32,809,0.830053416,149.4239802,4882.324214,1
2811,33,915,0.736436604,159.8218579,6728.602937,1
2811,34,1084,0.60441291,154.7407749,6407.492797,1
2811,35,1618,0.452363333,170.118047,7064.946579,1
2811,36,1336,0.504965253,159.6826347,6773.338396,1
2811,37,1860,0.549746542,155.4424731,6118.625098,1
2811,38,1111,0.475014316,165.2061206,6980.096382,1
2811,39,1233,0.736401351,175.9878345,7064.431518,1
2811,40,658,0.556614896,174.843465,8023.841576,1
2811,41,1133,0.295720876,173.5551633,5826.273478,1
2811,42,1305,0.531084704,159.9463602,6651.080659,1
2811,43,1357,0.523139857,165.0235814,7261.787708,1
2811,44,1308,0.454036265,145.190367,5507.518234,1
2811,45,1894,0.684206413,160.655755,6429.351471,1
2811,46,823,0.792162328,154.9550425,6329.225471,1
2811,47,1155,0.390654356,143.5541126,4964.147028,1
2811,48,1113,0.388566764,168.8805031,6953.249572,1
2811,49,1532,0.396648211,156.9236292,6452.297089,1
2811,50,1363,0.425421647,168.3991196,7445.889449,1
2811,51,336,0.857187447,180.6071429,7503.518254,0
2811,52,1411,0.690316914,169.2402551,7355.406788,1
2811,53,1307,0.67381574,175.4927314,7518.013242,1
2811,54,372,0.955625149,184.9112903,6314.118745,0
2811,55,1325,0.520516126,140.6301887,5233.967996,1
2811,56,226,0.943294864,197.3274336,7927.882098,0
2811,57,886,0.595768376,139.2742664,5121.792965,1
2811,58,409,0.955145897,218.5207824,8659.101554,0
2811,59,1205,0.580285295,155.6589212,6420.648171,1
2811,60,891,0.68471278,155.637486,5978.308125,1
2811,61,1612,0.356587205,149.4354839,5440.266377,1
2811,62,1760,0.285310295,151.3125,5275.272969,1
2811,63,1373,0.436331855,154.418791,6334.488569,1
2811,64,1777,0.449468028,148.4850872,5587.639928,1
2811,65,302,0.952759547,191.0794702,7088.354775,0
2811,66,1210,0.635798498,145.3760331,5978.973472,1
2811,67,1200,0.611355861,143.1808333,5533.764415,1
2811,68,1567,0.539401263,143.9246969,5446.859286,1
2811,69,1219,0.612650917,150.733388,5806.988006,1
2811,70,1053,0.626492309,152.8471035,6347.358947,1
2811,71,217,0.933711504,191.6866359,7343.8222,0
2811,72,1161,0.538429369,151.0740741,6239.099345,1
2811,73,1664,0.584352124,144.765024,5446.64064,1
2811,74,1725,0.383771015,140.5924638,4763.809697,1
2811,75,1575,0.730427439,132.8279365,4573.211214,1
2811,76,1237,0.593388405,152.2514147,6557.034572,1
2811,77,1351,0.531574583,138.4581791,5412.006992,1
2811,78,1436,0.367418503,136.841922,4984.911043,1
2811,79,1714,0.527885412,129.0198366,4405.337233,1
2811,80,1165,0.676337515,125.5665236,4263.722993,1
2811,81,1479,0.490018875,130.5016903,4671.78182,1
2811,82,1033,0.613692497,137.1374637,5269.546108,1
2811,83,1284,0.488062512,139.038162,5314.949672,1
2811,84,1827,0.328747495,134.7006021,5126.303306,1
2811,85,2006,0.330562031,139.7691924,4707.871227,1
2811,86,1857,0.380885679,138.6779752,4871.70697,1
2811,87,641,0.674817864,143.351014,5622.605995,1
2811,88,339,0.427970183,156.8761062,7406.78715,1
2812,1,1167,0.544141092,183.1028278,8740.013656,1
2812,2,1322,0.732778682,161.8910741,5488.448266,1
2812,3,1122,0.460636503,181.1024955,8350.826411,1
2812,4,322,0.930578522,215.568323,9328.106772,0
2812,5,1110,0.37884646,173.9045045,8011.974934,1
2812,6,500,0.893862878,176.608,7254.767578,1
2812,7,646,0.824022456,161.4535604,6140.990455,1
2812,8,633,0.781143153,164.0078989,6626.985072,1
2812,9,1931,0.464950582,171.9176592,7709.286584,1
2812,10,767,0.580895603,176.9152542,8111.443078,1
2812,11,2005,0.598736703,165.9610973,7127.213569,1
2812,12,2016,0.390358944,166.9742063,7506.574162,1
2812,13,1911,0.476858337,171.4819466,7667.35416,1
2812,14,1556,0.580183327,154.905527,6329.306165,1
2812,15,1505,0.599728464,167.5368771,7496.611709,1
2812,16,850,0.382750659,148.7847059,6068.544075,1
2812,17,804,0.617110311,135.199005,5119.135913,1
2812,18,761,0.487533631,172.6215506,7846.309188,1
2812,19,994,0.57194552,145.6891348,5687.445438,1
2812,20,322,0.971815838,200.7360248,7430.476071,0
2812,21,1022,0.536273685,170.0048924,7647.453019,1
2812,22,1540,0.542365699,144.9136364,5541.333004,1
2812,23,325,0.939248508,187.0215385,7190.470296,0
2812,24,1705,0.516964699,153.8228739,6138.967219,1
2812,25,1326,0.480265534,172.5482655,8001.555135,1
2812,26,141,0.822267073,208.8297872,8962.482051,0
2812,27,1609,0.406456164,167.5003108,7167.944977,1
2812,28,1466,0.444060118,163.2066849,6917.189212,1
2812,29,1376,0.485337393,161.7827035,6856.280135,1
2812,30,1529,0.557290051,167.9032047,7440.525885,1
2812,31,1417,0.573571844,159.7170078,6581.96254,1
2812,32,1658,0.496775525,167.9179735,7087.705116,1
2812,33,1813,0.618972454,166.70877,7010.155636,1
2812,34,989,0.475257259,152.7239636,6315.447058,1
2812,35,1081,0.475085408,160.1840888,6767.205475,1
2812,36,212,0.961881595,207.0754717,7788.923227,0
2812,37,1744,0.490023371,157.0797018,6352.850626,1
2812,38,1108,0.736032913,167.2490975,6965.080706,1
2812,39,1424,0.503025065,160.9761236,6780.05428,1
2812,40,234,0.851375115,190.7948718,7850.897679,0
2812,41,1954,0.512936788,138.5793245,5196.468966,1
2812,42,2111,0.364413505,150.4907627,4989.162557,1
2812,43,1803,0.52488347,147.6100943,5680.306338,1
2812,44,1936,0.41188116,137.0490702,4527.054571,1
2812,45,1844,0.354512565,157.5650759,5907.639663,1
2812,46,2208,0.479671434,129.1236413,4376.89877,1
2812,47,1119,0.609003194,171.2680965,8116.297852,1
2812,48,1905,0.346542668,148.4734908,5743.071371,1
2812,49,1039,0.551376625,156.2685274,6598.479128,1
2812,50,1234,0.638986805,171.4400324,7886.501805,1
2812,51,1777,0.460254783,139.4845245,5122.831037,1
2812,52,989,0.744645006,147.0637007,5388.500272,1
2812,53,1755,0.566324202,133.5447293,4526.997338,1
2812,54,1090,0.789929879,137.6816514,5334.885768,1
2812,55,1380,0.369821214,154.4630435,6254.920296,1
2812,56,1082,0.41745262,157.7097967,6208.222412,1
2812,57,957,0.668502496,158.1128527,6905.906855,1
2812,58,2242,0.522185432,140.3006244,5107.879858,1
2812,59,364,0.950936351,201.9450549,7921.344136,0
2812,60,313,0.951797921,173.8051118,5587.702494,0
2812,61,1394,0.638475501,129.223099,4477.005765,1
2812,62,1236,0.686942188,137.3543689,5011.382417,1
2812,63,2000,0.423700485,123.0935,3881.765856,1
2812,64,1657,0.769784837,128.973446,3592.280299,1
2812,65,1446,0.41809387,156.1611342,6401.58566,1
2812,66,2449,0.350993764,125.0608412,3772.808294,1
2812,67,1590,0.72788088,141.8666667,5173.693492,1
2812,68,1781,0.556445746,153.5721505,6168.682538,1
2812,69,1311,0.672053022,146.8062548,5516.981262,1
2812,70,505,0.987025426,175.5940594,5386.7648,0
2812,71,1223,0.543716216,155.4210957,6680.965188,1
2812,72,1869,0.406846716,124.1680043,4213.475482,1
2812,73,338,0.966730883,162.7337278,4542.12712,0
2812,74,968,0.582019608,145.6177686,5930.844587,1
2812,75,1521,0.455465211,140.9408284,5812.604252,1
2812,76,880,0.843096788,150.7170455,4393.731074,1
2814,1,1143,0.443688805,109.3167104,3424.836347,1
2814,2,1364,0.541446743,105.8445748,3087.808914,1
2814,3,1679,0.394931065,110.0923169,3184.667112,1
2814,4,1460,0.313184821,105.4815068,2696.899503,1
2814,5,1261,0.584805714,108.3180016,3276.127548,1
2814,6,280,1.015263967,173.9,5129.473958,0
2814,7,1029,0.344497545,122.0242954,4751.808675,1
2814,8,1552,0.370214536,105.0695876,2636.781287,1
2814,9,1399,0.524411798,112.2730522,3489.169831,1
2814,10,1435,0.508535399,106.5965157,3127.476776,1
2814,11,1258,0.323687411,116.0985692,3274.989151,1
2814,12,2076,0.561482114,116.5891137,3822.890181,1
2814,13,191,0.894541822,181.9685864,6646.593526,1
2814,14,1385,0.509339674,113.1920578,3640.885277,1
2814,15,1106,0.306067079,118.1166365,4216.913143,1
2814,16,1966,0.465603093,117.818413,3738.677944,1
2814,17,285,0.985477456,149.2175439,4370.413511,0
2814,18,1982,0.425555326,108.7906155,3460.890059,1
2814,19,254,0.895605936,169.5354331,6735.914167,0
2814,20,435,0.962655872,181.5816092,5774.491126,0
2814,21,2043,0.407595182,107.340186,2950.560527,1
2814,22,1556,0.624162553,110.9395887,3358.269892,1
2814,23,1542,0.343075517,113.0045396,3148.694574,1
2814,24,908,0.794488499,112.4988987,3103.492821,1
2814,25,1021,0.507162784,108.1057786,3244.316862,1
2814,26,1592,0.552619062,114.8247487,3844.94258,1
2814,27,217,0.975551114,128.6958525,3818.794162,0
2814,28,1337,0.785770381,109.89454,2709.647809,1
2814,29,216,0.893635196,165.6064815,6215.809998,0
2814,30,331,0.939816636,172.8338369,6173.8373,0
2814,31,1512,0.626671489,111.6693122,3355.131581,1
2814,32,1005,0.538829461,107.9094527,3267.116868,1
2814,33,633,0.960316549,155.0236967,4217.370464,0
2814,34,1117,0.431946981,107.0760967,3162.298683,1
2814,35,319,0.987966783,175.3448276,5367.751094,0
2814,36,1324,0.865611846,112.8867069,2836.450382,1
2814,37,504,0.951221346,170.4801587,5547.841695,0
2814,38,930,0.826007906,116.1698925,3505.328845,1
2814,39,1084,0.442070348,117.8274908,4556.92574,1
2814,40,1242,0.780965961,107.5515298,2883.453636,1
2814,41,1326,0.331474853,117.2647059,3609.785508,1
2814,42,520,0.756959258,169.7923077,7558.832026,1
2814,43,2147,0.518059446,112.0037261,3471.836997,1
2814,44,1280,0.556685745,117.140625,4057.895261,1
2814,45,1402,0.532915609,121.6419401,4592.935249,1
2814,46,1794,0.49374136,115.0886288,3964.198482,1
2814,47,2210,0.276301593,111.5090498,3368.065568,1
2814,48,1736,0.44438888,112.7465438,3500.053184,1
2814,49,1533,0.467037349,110.7729941,3493.440677,1
2814,50,862,0.800505414,126.6937355,4420.792661,1
2814,51,1018,0.380341164,123.4007859,4250.859937,1
2814,52,1334,0.349352629,112.5742129,3901.584197,1
2814,53,1129,0.371211569,122.4924712,4485.366775,1
2814,54,1010,0.702671413,128.6534653,4550.195817,1
2814,55,1309,0.404573853,117.4071811,4093.084663,1
2814,56,355,0.949983133,187.7577465,6677.899646,0
2814,57,1900,0.324296246,126.1647368,4751.600063,1
2814,58,2114,0.436012922,111.3254494,3321.969789,1
2814,59,1689,0.361864271,110.4499704,2920.845047,1
2814,60,463,0.816270765,111.8509719,3633.054846,1
2814,61,1560,0.288333406,126.2230769,2904.362831,1
2814,62,1834,0.588916842,107.4907306,3134.901311,1
2814,63,423,0.706496867,131.5650118,5400.903484,1
2814,64,429,0.809670551,116.8391608,3780.403978,1
2814,65,770,0.788013042,118.6207792,4220.704226,1
2814,66,354,0.987651493,164.8107345,4601.881358,0
2814,67,841,0.626135958,112.8596908,3655.177345,1
2814,68,765,0.583448016,121.6954248,4658.955583,1
2814,69,286,0.86316562,197.1363636,8690.525505,1
2814,70,1391,0.585718948,130.7023724,5088.425915,1
2814,71,345,0.96254171,190.7072464,6468.653533,0
2814,72,1785,0.456957262,119.9294118,3938.9793,1
2814,73,1027,0.478105645,118.5024343,4307.368298,1
2814,74,1811,0.461074476,114.8332413,4001.796283,1
2814,75,907,0.716498917,112.9250276,3762.542476,1
2814,76,1349,0.338384863,109.7346182,2911.478005,1
2814,77,1035,0.524957128,117.0821256,4136.289361,1
2814,78,1012,0.410435292,122.9940711,4347.27946,1
2814,79,2418,0.380952732,113.8920596,3151.339373,1
2814,80,1732,0.374308542,111.3013857,3655.579641,1
2814,81,1776,0.433515971,119.3136261,4045.797931,1
2814,82,1209,0.420429035,120.72622,4066.712646,1
2814,83,2189,0.481186004,114.9068068,3718.734972,1
2814,84,1623,0.626630026,113.1614295,3700.013927,1
2814,85,324,0.977851961,178.2839506,5946.767199,0
2814,86,1266,0.58539747,113.185624,3560.490381,1
2814,87,1711,0.65283169,111.8702513,3649.122024,1
2814,88,1282,0.53047808,116.24961,3819.859181,1
2814,89,1083,0.766768523,113.1717452,3405.568347,1
2814,90,1195,0.750345206,118.5882845,3951.595913,1
2814,91,144,0.689935468,175.3611111,5905.751463,1
2814,92,936,0.597877597,115.8504274,4095.21744,1
2814,93,1251,0.466819807,112.3541167,3462.392273,1
2814,94,600,0.958996512,185.2966667,6420.687884,0
2814,95,82,0.613874874,156.7560976,4744.644601,0
2814,96,701,0.753488297,128.3437946,4960.451237,1
2814,97,1048,0.56292863,157.3425573,7329.449288,1
2814,98,338,0.907149976,182.7455621,8073.516677,1
2814,99,222,0.976275644,166.1531532,5491.04972,1
2814,100,1601,0.500709275,114.3048095,3744.219802,1
2814,101,841,0.672096722,124.0368609,4866.832891,1
2814,102,1032,0.782817281,128.0193798,4645.648518,1
2814,103,1372,0.671483223,115.0065598,3717.102183,1
2814,104,793,0.377332876,112.2282472,3088.675254,1
2814,105,1296,0.415561964,107.0648148,3076.282405,1
2814,106,339,0.962531238,186.3156342,6706.02318,0
2814,107,540,0.870636662,175.0648148,5964.611499,1
2815,1,1812,0.385819378,133.406181,4293.087906,1
2815,2,244,0.940014021,196.5614754,8329.560865,0
2815,3,1490,0.697159727,132.0436242,4432.203088,1
2815,4,1404,0.425874121,136.5377493,5141.508576,1
2815,5,1148,0.445483918,131.6785714,4629.616602,1
2815,6,2115,0.467273401,127.1460993,4330.961354,1
2815,7,919,0.590749929,143.265506,5696.00015,1
2815,8,158,0.946575266,177.4303797,6539.859501,0
2815,9,1615,0.555168697,128,4377.137133,1
2815,10,1577,0.54073258,129.7685479,4475.781119,1
2815,11,2091,0.502590915,127.7503587,4457.304896,1
2815,12,1777,0.519444418,126.5301069,4442.847653,1
2815,13,2257,0.509203206,130.771821,4492.262412,1
2815,14,1395,0.484235925,139.0860215,5393.626949,1
2815,15,639,0.884986556,188.8450704,7776.578704,1
2815,16,821,0.77016752,139.1254568,5677.160113,1
2815,17,893,0.623795955,153.6606943,6600.920531,1
2815,18,1682,0.428458566,134.4762188,4575.236467,1
2815,19,2158,0.45652938,118.6047266,3677.336819,1
2815,20,1241,0.326706183,142.8501209,4978.475363,1
2815,21,967,0.829238224,119.1054809,3729.989354,1
2815,22,954,0.555136063,125.4800839,4508.764216,1
2815,23,1675,0.504461629,119.2985075,3807.219443,1
2815,24,1341,0.388505888,119.5503356,4060.307484,1
2815,25,153,0.950702532,171.0326797,5455.818435,0
2815,26,1229,0.695145159,129.2205045,4540.530745,1
2815,27,552,0.717485395,131.6992754,4711.14635,1
2815,28,778,0.689426579,129.1696658,4500.054415,1
2815,29,728,0.658796378,130.146978,4052.518683,1
2815,30,908,0.670756133,139.7136564,4858.68579,1
2815,31,2658,0.424848271,115.8826185,3312.915132,1
2815,32,483,0.957972196,179.1552795,6045.323578,0
2815,33,2681,0.374675332,114.847445,3442.688237,1
2815,34,1018,0.397936879,119.8310413,4104.03994,1
2815,35,796,0.680338125,135.741206,4988.073637,1
2815,36,965,0.571155573,129.9647668,4883.651736,1
2815,37,643,0.563561728,134.3514774,5195.802041,1
2815,38,1235,0.411400473,130.1109312,5136.996791,1
2815,39,1414,0.273933134,125.1471004,3672.064543,1
2815,40,2048,0.417741605,118.3818359,3782.4424,1
2815,41,974,0.37138849,123.9486653,4437.844481,1
2815,42,1211,0.582449689,127.2047894,4637.198331,1
2815,43,1386,0.556678671,111.1435786,3444.789179,1
2815,44,1684,0.42741935,120.324228,4290.849046,1
2815,45,1676,0.633678965,120.4624105,4060.975637,1
2815,46,1292,0.849760789,118.9860681,3456.266194,1
2815,47,1380,0.634963209,125.7086957,4603.757722,1
2815,48,1713,0.397213398,117.0192644,3655.753936,1
2815,49,2034,0.454914802,133.114061,4952.206141,1
2815,50,1830,0.429965409,113.3213115,3714.596499,1
2815,51,895,0.781259357,122.5039106,4259.43407,1
2815,52,920,0.594964463,121.6815217,4396.712793,1
2815,53,631,0.935142598,184.7290016,6778.200317,0
2815,54,1176,0.423726111,133.9413265,5578.035777,1
2815,55,1021,0.670142582,111.7786484,3688.954034,1
2815,56,1310,0.461363029,114.3916031,3659.871121,1
2815,57,1805,0.450122653,116.0903047,3989.236705,1
2815,58,931,0.66498687,112.4661654,3775.636284,1
2815,59,812,0.673869291,121.0073892,4521.027246,1
2815,60,859,0.835879273,114.6030268,3609.665616,1
2815,61,1163,0.925841017,172.4058469,6311.29756,0
2815,62,1197,0.672658228,128.304929,4746.358593,1
2815,63,1136,0.56918821,132.4683099,5128.758783,1
2815,64,1519,0.523106372,113.4845293,3610.3863,1
2815,65,1651,0.665694694,120.7764991,3846.498593,1
2815,66,493,0.94396524,158.1967546,5062.382885,0
2815,67,976,0.732173309,123.3883197,4280.402356,1
2815,68,1293,0.511288876,119.2049497,4020.912529,1
2815,69,898,0.792531897,116.8919822,3649.141813,1
2815,70,631,0.785567279,121.0316957,4609.911838,1
2815,71,1589,0.347347352,121.684078,3689.152257,1
2815,72,1480,0.47227242,119.4824324,3847.052268,1
2815,73,1805,0.461929049,117.265928,3675.349854,1
2815,74,185,0.959883047,171.7891892,5783.585399,0
2815,75,2746,0.327061444,111.5451566,3082.59977,1
2815,76,1200,0.531954413,115.125,3846.971287,1
2815,77,1463,0.657334443,123.7286398,4402.919848,1
2815,78,1459,0.434162368,112.8951337,3532.450718,1
2815,79,1844,0.412770263,120.6561822,3851.941976,1
2815,80,253,0.98302157,125.1462451,3160.799383,0
2816,1,812,0.824381265,147.6243842,5035.764412,1
2816,2,1399,0.553462752,171.0307362,7324.638028,1
2816,3,264,0.930866012,182.0265152,7024.266474,0
2816,4,2466,0.613793341,155.8564477,6650.489866,1
2816,5,1231,0.503205699,135.6620634,5098.929692,1
2816,6,1304,0.435550404,130.8918712,4263.875635,1
2816,7,1127,0.571878159,132.9307897,5183.112352,1
2816,8,1167,0.393891142,146.0351328,5815.178078,1
2816,9,269,0.99508322,180.0892193,5811.455833,0
2816,10,1850,0.488883758,121.9627027,4042.426729,1
2816,11,273,0.9704729,181.3260073,5451.705721,0
2816,12,765,0.783484657,122.0379085,3299.203657,1
2816,13,437,0.967081876,174.3729977,5165.324129,0
2816,14,2499,0.337944076,134.1616647,4863.902566,1
2816,15,1541,0.525491964,162.5515899,6884.510773,1
2816,16,2789,0.39044504,147.3115812,4925.219703,1
2816,17,1417,0.385954109,128.905434,4131.460208,1
2816,18,535,0.948652037,180.4785047,5736.571224,0
2816,19,1488,0.43062761,123.5369624,3891.815942,1
2816,20,1312,0.474682465,178.1219512,8542.482483,1
2816,21,1917,0.282987383,132.2686489,4347.32872,1
2816,22,269,0.9408326,155.4163569,5382.475976,0
2816,23,275,0.958600391,201.9927273,6633.917093,0
2816,24,1851,0.451823233,133.3311723,4497.968661,1
2816,25,1608,0.541143795,129.4166667,4329.247215,1
2816,26,1454,0.683173538,152.0220083,5561.103842,1
2816,27,1747,0.415637159,147.3050944,5534.493364,1
2816,28,1796,0.389571977,169.2678174,7055.840799,1
2816,29,2019,0.432631336,166.5740466,7287.505116,1
2816,30,934,0.761796504,124.009636,4303.378648,1
2816,31,905,0.586108818,119.8132597,4335.414881,1
2816,32,1588,0.42665785,129.5195214,4852.257763,1
2816,33,632,0.835487984,120.0949367,4078.614874,1
2816,34,570,0.764904566,132.2017544,4010.030563,1
2816,35,362,0.945711426,147.0911602,4588.146291,0
2816,36,194,0.581125321,179.5824742,7837.989601,0
2816,37,1077,0.45756812,145.6815227,6206.257241,1
2816,38,1183,0.386341906,129.7345731,4958.792494,1
2816,39,1618,0.54066193,128.3850433,4441.92922,1
2816,40,284,0.98201964,184.6514085,5962.53316,0
2816,41,1593,0.424971461,133.7702448,4610.516665,1
2816,42,1396,0.526651751,130.9283668,4694.948348,1
2816,43,1261,0.348359662,141.554322,4597.15367,1
2816,44,1443,0.457269152,169.6583507,7190.710809,1
2816,45,984,0.71885236,131.7123984,4782.468141,1
2816,46,1481,0.412104671,169.3855503,7761.482304,1
2816,47,1235,0.393717484,133.5036437,4969.206842,1
2816,48,300,0.964266675,170.04,5674.8441,0
2816,49,1336,0.606264097,148.0651198,5733.589737,1
2816,50,1387,0.400738002,142.4722422,4880.79642,1
2816,51,1559,0.479530659,140.8845414,5300.344918,1
2816,52,1579,0.48287947,142.239392,5390.650982,1
2816,53,448,0.926732796,199.7008929,6914.780605,0
2816,54,1748,0.431281044,153.2643021,6333.316291,1
2816,55,2245,0.465774802,122.0244989,3911.142538,1
2816,56,1768,0.52921453,157.8817873,6570.221621,1
2816,57,1460,0.521649794,135.8931507,4969.749284,1
2816,58,1487,0.713053906,124.8338937,3619.182861,1
2816,59,1317,0.364315455,145.7220957,5044.419135,1
2816,60,1244,0.529756409,159.2459807,6635.093533,1
2816,61,1331,0.456382412,150.1487603,5894.290652,1
2816,62,1640,0.536137355,136.7780488,4842.822085,1
2816,63,2075,0.356758468,113.6086747,3211.077859,1
2816,64,1307,0.551897686,159.1040551,6579.439382,1
2816,65,1305,0.455597149,153.5501916,5888.286772,1
2816,66,1425,0.346175542,141.8091228,5432.616973,1
2816,67,1456,0.484989058,161.2623626,6566.962299,1
2816,68,1077,0.600745446,125.8783658,4616.139532,1
2816,69,1050,0.568658647,164.3019048,7171.747951,1
2816,70,992,0.874449891,149.3387097,5190.137608,1
2816,71,727,0.771608866,146.8349381,5920.545065,1
2816,72,1744,0.523269223,112.7866972,3462.90102,1
2816,73,1713,0.567133231,116.6853473,3866.036853,1
2816,74,1664,0.440423893,143.9140625,5426.276929,1
2816,75,1846,0.443379968,119.131636,3522.805169,1
2816,76,1487,0.497101102,119.1936785,4204.610119,1
2816,77,348,0.947378739,200.5862069,7714.1538,0
2816,78,1286,0.405852526,124.1609642,4462.638307,1
2816,79,1252,0.37439313,115.2683706,3815.68149,1
2816,80,589,0.652960127,130.7402377,5353.969181,1
2816,81,1025,0.448431009,113.4487805,3364.830621,1
2816,82,1176,0.676667939,164.1964286,7418.560434,1
2816,83,1192,0.574739907,165.2072148,7751.455304,1
2818,1,1025,0.669845531,104.9843902,2546.872195,1
2818,2,317,0.963961472,167.022082,5082.801775,0
2818,3,1123,0.71768896,113.890472,3695.57824,1
2818,4,1713,0.411223756,106.5563339,2790.403196,1
2818,5,1060,0.589682446,108.9716981,3547.41574,1
2818,6,1473,0.585844168,111.3842498,3500.36386,1
2818,7,1170,0.405704631,117.0393162,4197.550062,1
2818,8,462,0.964164219,185.8549784,6344.219931,0
2818,9,166,1.020439814,185.3795181,5962.172358,0
2818,10,1857,0.441035964,109.1992461,3219.583461,1
2818,11,1545,0.449086086,113.9411003,3527.341789,1
2818,12,1747,0.478312158,109.5649685,3546.285309,1
2818,13,1727,0.588558219,112.9235669,3529.482126,1
2818,14,1722,0.508898707,106.728223,3062.999901,1
2818,15,1474,0.422511072,107.6682497,3170.725628,1
2818,16,1464,0.553776752,114.0163934,3815.043363,1
2818,17,580,0.937261055,151.8568966,4057.050596,0
2818,18,1300,0.491517097,120.1307692,4101.861724,1
2818,19,712,0.659662523,130.7120787,5268.827697,1
2818,20,621,0.942111496,144.1932367,3897.275143,0
2818,21,296,0.916734068,128.402027,3231.212844,0
2818,22,889,0.757679151,115.6771654,3518.117173,1
2818,23,1535,0.588863437,117.4690554,3815.438001,1
2818,24,726,0.756171892,117.9972452,3915.260322,1
2818,25,491,0.959662345,196.2321792,6814.077899,0
2818,26,285,0.940818235,168.1473684,5795.150942,0
2818,27,253,0.954996034,166.4466403,5669.751693,0
2818,28,1919,0.521708994,115.0958833,3813.108244,1
2818,29,761,0.965985048,150.7858081,4265.835107,0
2818,30,1335,0.646768781,123.9985019,4530.895742,1
2818,31,555,0.959543838,159.7945946,5129.344486,0
2818,32,1282,0.4319107,115.6809672,3892.603999,1
2818,33,1520,0.43370919,127.0776316,4728.785585,1
2818,34,1124,0.497076363,118.0409253,4072.03221,1
2818,35,943,0.577672228,118.6988335,4475.780714,1
2818,36,1334,0.408429522,117.4025487,3433.34383,1
2818,37,1054,0.449152883,123.426945,3955.800138,1
2818,38,1253,0.688835608,112.1564246,3405.461057,1
2818,39,1350,0.443953973,128.2096296,4578.574383,1
2818,40,1248,0.470817611,112.2155449,3671.099525,1
2818,41,726,0.906400926,133.5041322,4725.621016,1
2818,42,1468,0.438984916,114.2302452,3566.443338,1
2818,43,1743,0.632664008,120.979346,4248.612716,1
2818,44,813,0.681960277,122.4169742,4430.429089,1
2818,45,1270,0.710416715,113.3511811,3420.508192,1
2818,46,168,0.697746217,163.7797619,5813.512099,0
2818,47,1515,0.384279617,109.8244224,3527.138395,1
2818,48,399,0.984758666,179.5839599,5655.044509,0
2818,49,648,0.820887819,129.4768519,4522.739225,1
2818,50,1292,0.371454382,124.1106811,3849.977994,1
2818,51,289,0.881571035,182.2698962,7758.742676,0
2818,52,691,0.744696128,163.3994211,6785.213883,2
2818,53,306,0.965378879,164.7189542,5269.3549,0
2818,54,1905,0.407386638,116.3506562,3942.381666,1
2818,55,972,0.638636849,148.5997942,6486.488325,1
2818,56,1704,0.627335272,116.5516432,3682.350239,1
2818,57,1294,0.46198872,112.0455951,3678.593869,1
2818,58,1976,0.446121336,115.5308704,3961.954611,1
2818,59,1665,0.359828939,137.5063063,5542.083874,1
2818,60,1034,0.461573624,115.3694391,4019.00689,1
2818,61,1291,0.587893369,110.6831913,3183.570144,1
2818,62,1154,0.516634363,118.312825,4112.599374,1
2818,63,1062,0.462742553,115.6111111,3595.071066,1
2818,64,346,0.982406514,167.7456647,4879.566703,0
2818,65,185,0.973410192,172.3351351,6362.646305,0
2818,66,1615,0.419331,111.1832817,3410.49502,1
2818,67,494,0.979789368,157.1902834,4375.902454,0
2818,68,1607,0.508875479,114.3167393,3588.260196,1
2818,69,296,0.977130518,188.7804054,6434.215921,1
2818,70,502,0.720079806,152.8944223,5639.76472,2
2818,71,220,0.989037996,119.5772727,3476.051975,2
2818,72,478,0.953861802,166.4246862,4723.166108,0
2818,73,264,1.013494184,166.2272727,3568.059208,0
2818,74,1539,0.516402599,110.7303444,3244.119183,1
2818,75,1372,0.397487009,127.0255102,5016.737282,1
2818,76,1308,0.477773825,124.0351682,4554.457772,1
2818,77,513,0.935499267,163.2592593,5167.195756,0
2818,78,371,0.969223588,187.8436658,6626.568471,0
2818,79,1710,0.346761042,108.4625731,2717.456257,1
2818,80,1982,0.406797817,122.1488396,4294.283447,1
2818,81,1639,0.491082681,114.5558267,3671.417726,1
2818,82,399,0.96228493,165.9824561,5287.070572,0
2818,83,459,0.978688601,185.0217865,5761.349112,0
2818,84,942,0.805123761,199.3248408,7297.601622,1
2818,85,1468,0.564267898,117.2322888,3677.61788,1
2818,86,1654,0.374605685,114.595526,3632.321109,1
2818,87,1463,0.678142878,116.8899522,3862.19397,1
2818,88,1341,0.294793668,144.1230425,6053.279886,1
2818,89,790,0.777700944,125.6392405,4957.083959,1
2818,90,2313,0.425443312,114.5361003,3748.265674,1
2818,91,426,0.957568605,180.2769953,6026.87602,0
2818,92,1808,0.406231713,111.465708,3096.883534,1
2818,93,991,0.740982728,120.061554,4400.497041,1
2818,94,1344,0.499267027,113.0029762,3608.035338,1
2818,95,1513,0.737330001,113.5201586,3774.437887,1
2818,96,214,1.015673738,143.5420561,3978.855915,0
2818,97,1143,0.467200745,117.6229221,3924.052118,1
2818,98,1795,0.501095614,107.8662953,3206.611613,1
2818,99,378,0.954974834,182.4179894,6000.740643,0
2818,100,353,0.984861517,178.1303116,5305.091736,0
2818,101,238,0.993381317,110.6176471,2874.492172,2
2818,102,1513,0.450747839,112.2128222,3417.063876,1
2818,103,1467,0.640283507,113.4233129,3844.807956,1
2818,104,1157,0.818724033,118.792567,3620.177686,1
2818,105,953,0.876167018,161.0870934,6208.657177,1
2818,106,1660,0.421550912,112.4692771,3400.093465,1
2818,107,315,1.001457908,179.631746,4977.496288,0
2818,108,1058,0.504934414,114.18431,3846.582425,1
2818,109,1117,0.576822194,121.179051,4427.367563,1
2818,110,1238,0.621920481,114.3392569,3866.001892,1
2818,111,308,0.979203287,176.9318182,5289.420464,0
2818,112,1154,0.556417661,116.7712305,4200.222575,1
2818,113,601,0.879457663,123.0848586,4474.707772,1
2818,114,915,0.689621857,111.2240437,3747.752346,1
2818,115,1105,0.632516658,117.7266968,3939.677019,1
2818,116,589,0.951804761,131.6689304,4718.614252,2
2818,117,1219,0.429208071,124.4536505,4839.639572,1
2818,118,848,0.50378629,124.5554245,4609.098594,1
2818,119,699,0.646434173,123.0701001,4613.742453,1
2818,120,163,0.952021015,143.9631902,3964.226239,0
2818,121,564,0.894519811,126.5443262,4410.522284,1
2818,122,922,0.441026263,117.7516269,4118.768714,1
2818,123,177,1.008164971,131.1694915,2744.360554,0
2818,124,1194,0.542097046,120.0108878,4356.134846,1
2818,125,675,0.753737136,121.0948148,4728.342045,1
2818,126,1258,0.325533201,109.9348172,3696.796006,1
2818,127,772,0.594471587,113.5012953,3765.650125,1
2818,128,457,0.850264379,161.6520788,6834.723,1
2818,129,133,0.808876188,180.4285714,7675.750059,0
2818,130,1013,0.418685641,114.3642646,3374.59947,1
2818,131,631,0.840068907,140.3565769,5695.159786,1
2818,132,1231,0.455794328,113.3095045,3790.474751,1
2818,133,1180,0.40636308,114.3686441,4081.20583,1
2818,134,229,0.997978725,176.5895197,6396.24765,0
2818,135,274,0.974027746,155.9744526,4585.052344,0
2818,136,1663,0.483522119,112.8653037,3800.145734,1
2818,137,246,1.005195025,163.4105691,4730.631605,0
2818,138,1293,0.327168999,115.4632637,3973.81988,1
2818,139,1317,0.313768832,109.523918,2512.071672,1
2818,140,874,0.510514696,121.3032037,4597.140437,1
2818,141,1103,0.503247451,118.1251133,3959.492487,1
2818,142,949,0.464458876,113.1896733,3532.175495,1
2818,143,619,0.672616746,125.1502423,4789.699069,1
2818,144,1299,0.370420761,114.113164,3498.399891,1
2818,145,894,0.288780596,108.2192394,2696.820354,1
2818,146,1307,0.317393575,118.3335884,4359.028538,1
2818,147,1420,0.350095795,114.1626761,3370.387896,1
2818,148,873,0.646893413,110.8671249,3870.114214,1
2818,149,637,0.656802794,116.9905808,4229.918056,1
2818,150,830,0.509669933,112.5036145,3561.489854,1
2818,151,882,0.469719394,105.1303855,2978.355634,1
2818,152,911,0.482150866,102.039517,3069.605203,1
2818,153,977,0.491467058,107.7778915,3438.183939,1
2818,154,1042,0.406218287,108.4539347,3300.837363,1
2818,155,433,0.712948624,112.4226328,3659.473487,1
2818,156,365,0.548304617,115.2465753,4063.233229,1
2819,1,1448,0.427801965,158.144337,6445.275706,1
2819,2,1916,0.386272269,151.4692067,5271.146364,1
2819,3,2167,0.418099537,150.481772,5833.464917,1
2819,4,2842,0.51697038,166.4394792,7270.924809,1
2819,5,1742,0.420859232,154.1498278,6355.045578,1
2819,6,1739,0.484164264,155.6325474,6086.646377,1
2819,7,1663,0.620080253,144.3722189,5527.662191,1
2819,8,1218,0.498093458,149.1592775,6194.654947,1
2819,9,1774,0.455626631,150.1493799,6163.201765,1
2819,10,1826,0.434140849,144.7688938,5030.567648,1
2819,11,799,0.77281997,158.8510638,6595.122074,1
2819,12,849,0.395724212,162.3981154,6895.385366,1
2819,13,1196,0.592282321,158.7909699,6830.481181,1
2819,14,1001,0.688626958,145.6063936,5638.219117,1
2819,15,1347,0.332220423,141.0482554,5111.903026,1
2819,16,1474,0.418386873,146.2313433,5604.569426,1
2819,17,2045,0.514219785,132.8224939,4613.49882,1
2819,18,1631,0.480405494,147.5180871,5821.689744,1
2819,19,941,0.533009158,138.7980871,5216.517118,1
2819,20,747,0.717377444,152.8741633,5788.40055,1
2819,21,1069,0.60517366,134.5275959,4785.186802,1
2819,22,1657,0.428068365,135.1756186,4611.268287,1
2819,23,1017,0.673205181,149.605703,6225.964615,1
2819,24,1727,0.667309405,138.611465,5100.54737,1
2819,25,1032,0.498251407,146.3536822,5771.299427,1
2819,26,1151,0.535368873,147.2024327,6100.690502,1
2819,27,1505,0.429574626,160.9355482,6960.535896,1
2819,28,2530,0.386153592,133.6893281,4466.386447,1
2819,29,2425,0.467249424,126.4140206,4288.111526,1
2819,30,2031,0.348201608,146.0827179,4988.481227,1
2819,31,2099,0.277342435,133.6717485,3826.586458,1
2819,32,1725,0.455800098,129.7594203,4288.049964,1
2819,33,1599,0.544130245,129.9287054,4816.137713,1
2819,34,1626,0.43008554,135.7373924,4895.382574,1
2819,35,1881,0.363407351,123.5427964,3822.264833,1
2819,36,1797,0.504435561,125.1535893,4306.274347,1
2819,37,914,0.451823811,112.1400438,3779.090299,1
2819,38,1125,0.552106851,118.3911111,3807.430793,1
2819,39,368,0.743418502,122.5597826,4202.711862,1
2819,40,929,0.604989725,130.0430571,4480.690724,1
2819,41,895,0.455145383,116.9944134,3823.18829,1
2819,42,588,0.540979332,124.792517,4266.88678,1
2819,43,1103,0.751800481,121.1196736,3967.669801,1
2819,44,1128,0.747133275,124.1533688,3695.600967,1
2819,45,2367,0.473284414,116.660752,3742.310491,1
2819,46,932,0.723900947,122.1738197,4117.598973,1
2819,47,1161,0.724746195,120.9793282,3990.218584,1
2819,48,1616,0.518914731,126.1392327,4602.66079,1
2819,49,1438,0.59668968,124.8414465,4513.714135,1
2819,50,1271,0.544325419,120.5735641,4155.515764,1
2819,51,235,0.989592499,172.0723404,5313.187438,0
2820,1,1219,0.76203151,174.4068909,7618.88009,1
2820,2,1274,0.63718828,182.8453689,8716.398616,1
2820,3,1997,0.461075042,162.6730095,6732.380496,1
2820,4,1072,0.803307923,171.363806,6564.072558,1
2820,5,614,0.796443501,169.4381107,7048.589581,1
2820,6,1134,0.404125424,177.0802469,8126.370969,1
2820,7,876,0.251098846,169.8527397,6652.948681,1
2820,8,1328,0.399399227,177.2221386,7601.344434,1
2820,9,2131,0.476944365,168.0976068,7032.670528,1
2820,10,701,0.572682229,171.4208274,7498.510742,1
2820,11,1639,0.403878769,175.5411836,7841.669906,1
2820,12,1256,0.444626623,181.7380573,8570.131258,1
2820,13,1729,0.420090023,167.0676692,6433.719942,1
2820,14,1787,0.371914622,165.351427,7096.563773,1
2820,15,1233,0.472452163,163.8491484,7172.441987,1
2820,16,952,0.586231586,178.3581933,8437.819198,1
2820,17,1869,0.408997132,160.0331728,5743.034484,1
2820,18,1784,0.440900715,146.7634529,4962.321189,1
2820,19,314,0.854818747,188.2197452,7637.407911,0
2820,20,922,0.456353666,168.8047722,7484.481003,1
2820,21,1866,0.583002674,169.8735263,7582.617033,1
2820,22,1420,0.652758219,162.1457746,6879.530444,1
2820,23,1140,0.539926545,157.2254386,6157.707271,1
2820,24,664,0.736680448,151.4608434,4826.619722,1
2820,25,631,0.795940889,157.3930269,6578.65665,1
2820,26,363,0.836615323,179.7438017,8116.885211,1
2820,27,1435,0.465348707,166.3770035,7231.395736,1
2820,28,1480,0.485499092,176.8918919,7886.468466,1
2820,29,1706,0.583484961,155.2080891,6052.367514,1
2820,30,1039,0.379952676,166.1607315,6760.183186,1
2820,31,1169,0.472076211,158.4918734,6481.876709,1
2820,32,859,0.715693704,158.6786962,6378.894063,1
2820,33,1014,0.564313486,174.8510848,7962.387514,1
2820,34,1528,0.307904884,161.1832461,5862.470684,1
2820,35,444,0.946705313,199.0675676,7279.900065,0
2820,36,396,0.955049705,190.0707071,7104.292642,0
2820,37,452,0.675931772,166.2787611,7353.680363,1
2820,38,851,0.757573514,147.3137485,5403.793157,1
2820,39,1692,0.522732152,163.5998818,7452.734569,1
2820,40,1893,0.394164449,138.3322768,4775.177601,1
2820,41,1257,0.674565067,142.5346062,5325.983451,1
2820,42,1798,0.320135729,141.6813126,5249.290276,1
2820,43,1413,0.41538546,144.4543524,5436.406134,1
2820,44,1577,0.381352404,144.0925808,5479.088639,1
2822,1,1345,0.355623705,119.6996283,3375.739897,1
2822,2,284,1.001386165,121.0211268,3228.469303,0
2822,3,1366,0.452113214,117.795754,4317.117168,1
2822,4,328,0.99741124,190.1432927,6150.874894,0
2822,5,2323,0.544792676,109.3852777,3246.820812,1
2822,6,1013,0.559696015,114.1076012,4126.546715,1
2822,7,1944,0.617533924,104.8935185,2974.967171,1
2822,8,625,0.814723995,106.3184,2863.820552,1
2822,9,1869,0.460434815,112.317817,3704.036896,1
2822,10,619,0.680082337,119.2003231,4071.923143,1
2822,11,1612,0.460298448,111.2289082,3719.056136,1
2822,12,1073,0.462687973,115.0410065,4160.273361,1
2822,13,854,0.72410295,114.0936768,3857.852797,1
2822,14,998,0.653147257,111.3486974,3845.486137,1
2822,15,1244,0.498208643,106.5811897,3137.604928,1
2822,16,1022,0.519066304,131.4774951,5070.275616,1
2822,17,1136,0.732100897,109.6390845,3134.974091,1
2822,18,338,0.976818449,178.0680473,5374.606185,0
2822,19,1182,0.502278543,110.4610829,3342.018717,1
2822,20,306,0.947704814,182.4738562,6243.136444,0
2822,21,848,0.395316816,101.6945755,2910.091335,1
2822,22,222,1.007253369,153.1171171,4744.447664,0
2822,23,443,0.980359888,172.9593679,5095.22873,0
2822,24,744,0.506357602,106.1747312,3167.541148,1
2822,25,641,0.837294232,120.9453978,4057.771385,1
2822,26,2083,0.385158022,114.1469035,3716.890495,1
2822,27,220,0.910183996,151.2227273,5647.501943,0
2822,28,561,0.769103579,129.6755793,5126.208043,1
2822,29,1289,0.603113348,109.5647789,3514.989991,1
2822,30,1268,0.522874119,109.2981073,3518.939342,1
2822,31,735,0.586056039,137.8272109,5648.603043,1
2822,32,682,0.437366141,127.1744868,4768.265531,1
2822,33,1109,0.473049263,114.2443643,4054.290807,1
2822,34,1069,0.830855059,115.0449018,3481.053065,1
2822,35,1111,0.474457856,114.2259226,3936.662905,1
2822,36,1134,0.430598587,109.8880071,3559.549489,1
2822,37,1199,0.419663538,109.7447873,3645.600816,1
2822,38,1341,0.337411919,122.8680089,4123.981695,1
2822,39,1123,0.524156604,114.4470169,3825.044624,1
2822,40,969,0.686359327,115.7894737,4216.949479,1
2822,41,1140,0.513336178,117.3815789,4223.854563,1
2822,42,1020,0.526573511,117.8794118,3689.148948,1
2822,43,1748,0.318311886,119.7671625,3418.471205,1
2822,44,1083,0.729242947,115.8688827,4160.097194,1
2822,45,1504,0.361182524,109.3211436,3117.799394,1
2822,46,309,0.982382519,177.9644013,5216.172985,0
2822,47,1485,0.287995488,113.7461279,2762.902342,1
2822,48,870,0.495978877,111.4873563,3750.973991,1
2822,49,1053,0.860826569,118.2108262,3766.190411,1
2822,50,1425,0.431215309,109.165614,3472.024358,1
2822,51,1276,0.766765999,117.1340125,3719.409052,1
2822,52,1373,0.553787827,118.9446468,4022.778233,1
2822,53,1046,0.350401883,116.4856597,4022.370308,1
2822,54,1753,0.463427321,109.8790645,3347.129458,1
2822,55,1536,0.340044732,115.7558594,2941.403187,1
2822,56,1588,0.371829012,114.6089421,3155.629517,1
2822,57,724,0.607597566,131.0773481,5107.506917,1
2822,58,1025,0.532135322,117.9004878,4024.79594,1
2822,59,790,0.565130682,124.5506329,4711.70203,1
2822,60,1519,0.367172996,115.483871,3257.96261,1
2822,61,1523,0.336581325,114.1011162,3381.388929,1
2822,62,887,0.434726171,118.8782413,4158.246754,1
2822,63,1244,0.475174102,111.812701,3359.522029,1
2822,64,1702,0.552496773,114.2238543,3787.803068,1
2822,65,1135,0.394817848,112.9374449,3406.459839,1
2822,66,220,0.967480368,137.8681818,4188.966511,0
2822,67,1311,0.320529941,115.1212815,3473.512409,1
2822,68,1692,0.652543229,111.6932624,3379.025865,1
2822,69,967,0.605712996,113.0941055,4034.694516,1
2822,70,192,0.826141054,200,8606.79974,0
2822,71,1008,0.51899972,116.0347222,4192.476951,1
2822,72,332,0.959478476,175.2560241,6307.622102,0
2822,73,269,0.975378596,182.5799257,6173.501453,0
2822,74,323,0.940376308,142.0866873,4769.708867,0
2822,75,405,0.96109314,179.5604938,6203.957975,0
2822,76,1449,0.392374466,114.9337474,3290.00464,1
2822,77,1407,0.485407885,128.3503909,5293.68522,1
2822,78,943,0.915997372,140.8536585,4421.24317,0
2822,79,1392,0.330190663,129.4475575,4712.090328,1
2822,80,1769,0.7259165,122.8196721,4462.849201,1
2822,81,2144,0.360387549,129.5900187,4636.805816,1
2822,82,243,1.00168287,128.3168724,3368.386418,0
2822,83,1194,0.424731228,128.4723618,5258.500591,1
2822,84,1495,0.910547529,176.3391304,5664.697244,0
2822,85,141,0.543881388,198.3900709,8418.212073,0
2822,86,332,0.984048629,179.310241,5908.054076,0
2822,87,563,0.960135578,171.6110124,5585.664508,0
2822,88,2014,0.509413961,113.0849057,3372.354321,1
2822,89,1757,0.460402432,120.3289698,4295.187515,1
2822,90,1037,0.507605021,117.9691418,4237.424879,1
2822,91,1209,0.771867421,117.891646,3625.394615,1
2822,92,2695,0.544122092,109.8957328,3388.683309,1
2822,93,272,0.933000194,168.4227941,5879.402798,0
2822,94,2002,0.67804811,110.032967,3374.699416,1
2822,95,1086,0.619609772,119.5589319,4242.510796,1
2822,96,1631,0.367344937,109.3415083,2983.328624,1
2822,97,219,0.984542369,194.739726,7406.770833,0
2822,98,1634,0.418593019,114.9785802,3748.088491,1
2822,99,1368,0.563382594,109.6147661,3254.80172,1
2822,100,312,0.948757033,187.1634615,6381.042344,0
2822,101,1310,0.595482353,116.9152672,3968.521694,1
2822,102,215,0.731604294,181.4139535,7615.412344,0
2822,103,1790,0.513583043,114.6944134,3637.470602,1
2822,104,1998,0.656656278,115.5315315,3475.124198,1
2822,105,1551,0.47720894,108.9490651,3234.299617,1
2822,106,1690,0.479507532,119.560355,4101.572147,1
2822,107,2003,0.538659027,115.5302047,3822.112832,1
2822,108,1908,0.55111197,116.2054507,4080.354496,1
2822,109,370,0.973410192,180.9243243,5641.906955,0
2823,1,2589,0.309467601,156.4503669,6709.781399,1
2823,2,829,0.390670691,144.5681544,5406.394083,1
2823,3,411,0.638461994,133.8199513,4638.887784,1
2823,4,2031,0.332200309,144.3973412,5512.661389,1
2823,5,145,0.975764339,162.5034483,5753.132045,0
2823,6,654,0.564411485,145.8195719,5710.885921,1
2823,7,295,0.955597721,177.6813559,5623.853906,0
2823,8,464,0.933984372,183.5840517,6123.080864,0
2823,9,480,0.916797463,144.3416667,4209.685956,1
2823,10,317,0.963961472,180.2649842,5569.6254,0
2823,11,552,0.835585941,159.6123188,5318.272218,1
2823,12,520,0.848940322,145.2038462,4592.663587,1
2823,13,1346,0.386870612,132.038633,4365.240247,1
2823,14,1221,0.642463917,135.2432432,4872.813543,1
2823,15,202,0.95872007,171.4257426,6192.882569,1
2823,16,985,0.513907876,145.6588832,5734.471494,1
2823,17,1000,0.709387313,129.65,4513.576904,1
2823,18,1192,0.509646323,141.5134228,5417.025855,1
2823,19,1061,0.688132374,127.3440151,4224.785898,1
2823,20,1787,0.367670323,127.1315053,3760.325233,1
2823,21,1233,0.513403639,139.6950527,5126.3143,1
2823,22,952,0.781314311,132.2027311,4525.33281,1
2823,23,1693,0.472883507,128.4022445,4570.826084,1
2823,24,1111,0.512657917,126.2016202,4202.371912,1
2823,25,1283,0.475351804,131.9275136,4692.6032,1
2823,26,1316,0.349833466,137.4832827,3988.543179,1
2823,27,969,0.821049326,154.123839,6838.293019,1
2823,28,1515,0.443235285,138.3471947,4693.112571,1
2823,29,1753,0.482911584,127.3822019,4456.232649,1
2823,30,1088,0.889439038,195.3860294,7420.245228,1
2823,31,2114,0.52980252,132.8609272,4851.049142,1
2823,32,988,0.81992963,130.9483806,4482.800458,1
2823,33,988,0.86739483,116.951417,3407.674045,1
2823,34,1166,0.620392726,124.7178388,4438.543294,1
2823,35,802,0.7871217,120.8553616,4244.958154,1
2823,36,1169,0.468392084,122.7784431,4337.805653,1
2823,37,709,0.760758227,121.6798307,4356.128287,1
2823,38,1457,0.74133878,123.1050103,3299.10694,1
2823,39,3465,0.45770945,114.8978355,3279.11021,1
2823,40,466,0.905312355,168.4570815,6024.715514,0
2823,41,140,0.67622889,181.2142857,7698.19229,0
2823,42,954,0.826636888,112.0859539,2397.287025,1
2823,43,795,0.793221896,126.9106918,4500.342495,1
2823,44,1501,0.392937811,132.3411059,5223.646707,1
2823,45,724,0.792371759,115.9972376,3582.485456,1
2823,46,1236,0.44047533,109.8673139,3245.062584,1
2823,47,356,0.95944151,164.4634831,4208.962963,0
2823,48,2151,0.301128462,116.6843329,2795.692254,1
2823,49,176,0.648818599,170.8011364,7012.507015,0
2823,50,2370,0.342142071,114.2742616,3383.426049,1
2823,51,3198,0.313475745,115.6760475,3140.624369,1
2823,52,431,0.968807674,170.5359629,5260.325926,0
2823,53,802,0.81120577,132.5374065,4464.061314,1
2823,54,2039,0.431458902,114.4914174,3383.435808,1
2823,55,610,0.78576653,137.4672131,5274.517322,1
2823,56,2235,0.410834546,116.0684564,3432.890198,1
2823,57,540,0.840733086,151.2240741,6090.29122,1
2823,58,620,0.914017344,158.516129,6134.240941,1
2823,59,1686,0.478294219,121.3588375,4096.335049,1
2823,60,1863,0.561634344,116.3199141,3824.46863,1
2823,61,1265,0.567689351,116.5604743,3887.355224,1
2823,62,1276,0.413463211,119.2178683,3545.761565,1
2823,63,1053,0.515436921,123.4995252,4661.527532,1
2823,64,1509,0.360403538,125.8873426,4463.392693,1
2823,65,564,0.751513739,127.2783688,4243.823353,1
2823,66,1363,0.631338406,119.9031548,3923.163428,1
2823,67,688,0.637359976,136.0276163,5040.491774,1
2823,68,1034,0.418204058,125.6470019,4580.460548,1
2823,69,1260,0.569910895,121.2571429,4499.704711,1
2823,70,1057,0.441351766,132.1684011,4678.040024,1
2823,71,582,0.889640901,182.6666667,7525.868924,1
2823,72,1340,0.604121858,115.3261194,3808.190562,1
2823,73,859,0.886845682,127.5715949,4215.195244,1
2823,74,844,0.846840102,116.0402844,3409.902893,1
2824,1,194,1.00658006,171.5670103,4656.262835,0
2824,2,149,1.002681976,189.2416107,7081.945309,0
2824,3,2035,0.644866752,125.9081081,4217.013328,1
2824,4,211,0.957344418,208.8578199,7768.201868,0
2824,5,1885,0.522423531,129.4870027,4261.475772,1
2824,6,478,0.934253769,183.9874477,6428.777175,0
2824,7,1494,0.502040302,155.2175368,6265.391585,1
2824,8,1549,0.468085409,152.4686895,6152.353898,1
2824,9,1412,0.522339763,143.016289,5220.476094,1
2824,10,1236,0.40151563,132.3616505,4817.344608,1
2824,11,1103,0.467069015,145.705349,5562.193255,1
2824,12,272,0.633470012,112.0698529,3048.881922,1
2824,13,709,0.778017863,149.416079,4863.667083,1
2824,14,655,0.803950821,154.6625954,5218.402,1
2824,15,220,0.797707402,106.8772727,2777.26279,1
2824,16,1312,0.467059478,134.375,5140.647712,1
2824,17,448,0.761599665,162.8883929,6415.049368,1
2824,18,897,0.490854605,146.3389075,5527.691322,1
2824,19,1307,0.409221433,133.0474369,4560.389274,1
2824,20,123,0.663961765,196.9186992,8570.088036,0
2824,21,1016,0.546457885,137.5688976,5061.993372,1
2824,22,677,0.790505834,139.1728213,5111.277058,1
2824,23,1212,0.47559028,139.8927393,5060.75679,1
2824,24,279,0.938752588,161.7526882,5528.418968,0
2824,25,2915,0.266684031,135.1931389,3557.848055,1
2824,26,1554,0.838482318,147.0225225,4766.538587,1
2824,27,1411,0.434566112,137.7576187,5219.446555,1
2824,28,1250,0.600151424,142.1392,5509.007967,1
2824,29,3723,0.31332281,132.7324738,3656.303223,1
2824,30,1272,0.668683863,142.7334906,5407.268914,1
2824,31,205,0.972958487,186.8243902,6820.855415,0
2824,32,907,0.752274152,128.1565601,4060.437072,1
2824,33,2093,0.340406044,133.9173435,4965.110322,1
2824,34,1395,0.431227706,129.7512545,4154.972919,1
2824,35,1540,0.445854554,135.3980519,5021.099595,1
2824,36,910,0.506236817,145.8263736,5749.883745,1
2824,37,1726,0.354184992,137.4293163,4082.992286,1
2824,38,1587,0.394010526,120.3969754,3456.119845,1
2824,39,907,0.705733039,123.2734289,4152.406143,1
2824,40,1615,0.457018636,128.4371517,4305.679852,1
2824,41,1765,0.414544155,138.698017,5063.791836,1
2824,42,1783,0.79267867,156.121705,5426.217704,1
2824,43,2047,0.455342193,160.8456277,7451.706421,1
2824,44,1566,0.360813184,122.5236271,4191.740585,1
2824,45,1382,0.480589682,126.8589001,4516.388216,1
2824,46,834,0.398029586,149.9448441,5863.893167,1
2824,47,366,0.94021184,156.9234973,5031.559362,0
2824,48,528,0.721274728,138.530303,5795.732313,1
2824,49,435,0.683995944,169.1586207,7681.697402,1
2824,50,1532,0.326470562,130.5972585,4188.829355,1
2824,51,798,0.732772323,140.9461153,5416.265775,1
2824,52,1942,0.462434915,116.2837281,3655.505663,1
2824,53,2226,0.447942039,111.6203953,3299.378719,1
2824,54,593,0.867751071,156.3608769,5809.272415,1
2824,55,453,0.784502607,157.6578366,6527.843855,1
2824,56,1023,0.626057967,128.5503421,4655.247881,1
2824,57,708,0.913863327,182.7754237,7038.673,1
2824,58,1012,0.556301212,121.4594862,4201.255162,1
2824,59,1362,0.443673492,122.8480176,4228.949827,1
2824,60,1657,0.399327522,123.2667471,3704.893949,1
2824,61,1223,0.71166814,125.1455437,4238.224958,1
2824,62,1049,0.677007507,127.386082,4511.610047,1
2824,63,1660,0.422090132,120.7277108,3986.214821,1
2824,64,1118,0.68982468,118.9338104,3871.458615,1
2824,65,1058,0.426735267,128.9565217,4779.158121,1
2824,66,194,0.973528543,125.1907216,3346.916977,0
2824,67,279,0.94625163,162.953405,5075.530912,0
2824,68,1293,0.643423185,121.6318639,4032.277411,1
2824,69,1375,0.32274681,123.1512727,3642.438055,1
2824,70,1045,0.73914326,118.9923445,3539.357583,1
2824,71,1476,0.371713826,116.2330623,3558.497603,1
2824,72,1198,0.487213299,132.6669449,4773.112872,1
2824,73,1366,0.520620207,140.1896047,5512.074422,1
2824,74,1627,0.434610847,113.5101414,3671.27897,1
2824,75,1196,0.411746177,105.5685619,3025.377243,1
2824,76,756,0.638461592,114.3981481,3591.512495,1
2824,77,882,0.537192589,115.6111111,3443.442247,1
4256,1,1311,0.389535919,118.5133486,3520.502928,1
4256,2,1416,0.433131612,113.0367232,3710.794899,1
4256,3,1206,0.400395238,112.6036484,3241.435617,1
4256,4,1375,0.453573477,116.0327273,3467.246468,1
4256,5,691,0.862703911,170.0318379,6528.056419,0
4256,6,877,0.824130939,127.695553,4619.386158,1
4256,7,1493,0.381635427,113.1982585,3495.560794,1
4256,8,262,1.017990717,161.740458,4376.423257,0
4256,9,1107,0.379245798,116.1553749,3201.062978,1
4256,10,1569,0.409300233,105.7871256,2826.7698,1
4256,11,1204,0.456434609,111.0830565,3184.15105,1
4256,12,1348,0.463385389,117.2418398,4013.006306,1
4256,13,1256,0.384706425,115.8057325,3298.307653,1
4256,14,386,0.975185942,175.9948187,5415.598069,0
4256,15,2431,0.387338437,111.1209379,3283.742061,1
4256,16,1308,0.659403106,121.954893,4086.210697,1
4256,17,1958,0.470865603,115.4223698,3408.89674,1
4256,18,1176,0.333032657,115.2040816,3719.787201,1
4256,19,1100,0.377175547,117.6945455,3881.700569,1
4256,20,1592,0.398474871,112.8165829,3363.782454,1
4256,21,1534,0.356013909,120.5704042,3735.904901,1
4256,22,1492,0.569533552,119.4490617,4018.483033,1
4256,23,1805,0.446701934,113.2387812,3588.307722,1
4256,24,1645,0.478943241,123.525228,4537.533954,1
4256,25,730,0.856393215,119.2753425,3900.6165,1
4256,26,1577,0.509923347,129.6271401,4726.574423,1
4256,27,875,0.608106694,119.4137143,4316.686757,1
4256,28,830,0.815026263,119.4361446,4220.06602,1
4256,29,846,0.79030254,116.1548463,3994.055969,1
4256,30,1368,0.680388182,114.5730994,3611.247354,1
4256,31,1437,0.669215261,113.118302,3625.11147,1
4256,32,982,0.586493209,116.4551935,3945.382374,1
4256,33,786,0.483089999,124.1844784,4291.004897,1
4256,34,1600,0.439008885,123.228125,3882.940888,1
4256,35,1925,0.324488214,119.1142857,3601.634991,1
4256,36,672,0.784667534,125.4747024,4600.52443,1
4256,37,1722,0.492652045,121.2375145,4078.430749,1
4256,38,1679,0.860632458,127.9785587,3111.988261,2
4256,39,894,0.608445828,123.3389262,4483.954308,1
4256,40,283,0.978561824,181.3992933,5760.362413,0
4256,41,1616,0.503379332,117.4845297,3825.998027,1
4256,42,290,0.932124453,177.7724138,5832.090055,0
4256,43,392,0.958243706,173.3188776,5293.167007,0
4256,44,1538,0.323698351,117.3355007,2968.653855,1
4256,45,1362,0.344939194,120.5073421,3711.514316,1
4256,46,1189,0.311749266,114.5752733,3529.878456,1
4256,47,1062,0.504083255,117.5847458,3868.939335,1
4256,48,1171,0.849167928,143.0999146,3969.148184,2
4256,49,1427,0.376999357,111.712684,3359.465029,1
4256,50,1065,0.838638232,120.1352113,3538.199727,1
4256,51,1323,0.546182721,113.8737717,3636.449239,1
4256,52,1811,0.338264375,117.2887907,3631.618469,1
4256,53,1665,0.384090598,114.3351351,3671.290784,1
4256,54,1180,0.58509689,123.1381356,4185.288647,1
4256,55,1364,0.529476404,117.840176,3678.867532,1
4256,56,733,0.481111178,118.4965894,3919.368079,1
4256,57,1909,0.47885597,107.5715034,3173.699686,1
4256,58,1441,0.460321828,119.0943789,3927.453501,1
4256,59,1529,0.567370292,111.3701766,3331.068921,1
4256,60,715,0.625552295,120.620979,4270.181865,1
4256,61,738,0.593024005,118.9471545,4088.436558,1
4256,62,941,0.513809458,109.5908608,3606.120916,1
4256,63,1745,0.355937061,106.3833811,3073.167065,1
4256,64,1432,0.548703566,113.7702514,3578.643254,1
4256,65,1548,0.398455441,119.3391473,3971.98089,1
4256,66,1241,0.745127172,121.5858179,3469.832188,1
4256,67,574,0.584244143,82.17595819,1542.868271,2
4256,68,1385,0.321433679,117.7285199,3208.367564,1
4256,69,431,0.953803864,167.2529002,5117.183824,0
4256,70,1333,0.537654169,120.6834209,4301.355,1
4256,71,241,0.73285399,198.5435685,7816.955822,0
4256,72,862,0.467022158,129.7366589,3770.569261,2
4256,73,1416,0.477552718,123.805791,4531.169968,1
4256,74,415,0.33981284,95.40240964,2039.190463,1
4256,75,274,0.929293716,156.9781022,4931.73284,0
4256,76,493,0.899027561,99.50912779,2456.568317,1
4256,77,992,0.406604137,103.3296371,3077.254707,1
4256,78,287,0.922481786,168.7421603,6152.425085,0
4256,79,711,0.478755065,110.0253165,3455.135359,1
4257,1,1371,0.414416019,172.8869438,7314.865569,1
4257,2,1838,0.520505122,171.577802,7564.189743,1
4257,3,1120,0.519415067,177.1410714,8063.082658,1
4257,4,1860,0.431672666,176.9145161,7822.467617,1
4257,5,1805,0.383562331,162.6648199,6741.263643,1
4257,6,342,0.995692562,190.4298246,5802.560153,0
4257,7,520,0.935021599,182.0942308,6350.367699,0
4257,8,1861,0.428953928,176.1295003,7135.660866,1
4257,9,1580,0.366373128,162.6721519,6914.580234,1
4257,10,1545,0.540431551,161.1883495,6566.049719,1
4257,11,148,1.035265612,217.2905405,7471.013072,0
4257,12,926,0.57689265,155.3012959,6420.403683,1
4257,13,552,0.941376269,159.3677536,5615.586144,1
4257,14,1551,0.350169126,165.2914249,7348.72049,1
4257,15,550,0.860946409,169.6127273,6589.129566,1
4257,16,1810,0.556506138,153.8651934,5961.222165,1
4257,17,1694,0.585654431,158.809327,6534.30591,1
4257,18,315,0.993772376,201.2507937,7082.639775,0
4257,19,1911,0.299679937,165.1219257,5417.892858,1
4257,20,678,0.93899982,183.4247788,6375.102703,0
4257,21,1546,0.532800878,155.4476067,6195.410747,1
4257,22,1664,0.582418788,154.9393029,6446.586186,1
4257,23,1581,0.637169663,153.0234029,6117.051753,1
4257,24,3194,0.273938957,153.2401378,5143.038522,1
4257,25,1119,0.799624822,152.9294013,6019.684478,1
4257,26,1524,0.571267748,161.9901575,6896.395826,1
4257,27,1837,0.518675927,156.3565596,6192.856791,1
4257,28,1021,0.684054153,140.9294809,5124.870301,1
4257,29,1499,0.542717525,148.1487658,5723.28796,1
4257,30,927,0.767532315,143.9730313,5325.144795,1
4257,31,1735,0.569976817,150.6536023,5973.769437,1
4257,32,2202,0.286657314,152.6580381,5318.464756,1
4257,33,1771,0.488139253,143.1586674,5089.827418,1
4257,34,1935,0.480587653,140.4661499,5025.6872,1
4257,35,1386,0.52172931,143.7344877,5319.299597,1
4257,36,1398,0.722975697,140.1194564,4716.138195,1
4257,37,1120,0.375971299,140.2964286,5358.580808,1
4257,38,569,0.838832046,143.4903339,5414.495365,1
4257,39,477,0.820014758,146.5408805,5460.401375,1
4257,40,1152,0.523028306,140.0720486,5215.176185,1
4257,41,921,0.744152959,152.1161781,6287.471104,1
4257,42,833,0.69516861,155.5654262,6719.760151,1
4257,43,1466,0.556882017,131.4904502,4267.776225,1
4257,44,893,0.660271319,148.268757,6226.162957,1
4257,45,1226,0.791977761,135.5228385,4825.703361,1
4257,46,1622,0.543123905,136.4013564,4836.134993,1
4257,47,874,0.720120447,141.9290618,5004.616399,1
4257,48,1453,0.578352106,136.0688231,4894.153597,1
4257,49,965,0.512775897,153.1772021,6179.657528,1
4257,50,1695,0.375561467,139.6784661,4366.434187,1
4257,51,1862,0.427190961,141.1278195,5404.972999,1
4257,52,2002,0.339628815,139.4380619,5317.347074,1
4257,53,1392,0.592089056,123.391523,4116.777442,1
4257,54,1123,0.714189296,130.5770258,4511.795202,1
4257,55,1089,0.556228345,125.9522498,4593.899749,1
4257,56,255,0.899131944,196.4627451,8282.285154,1
4257,57,1151,0.591865877,125.894874,4173.238641,1
4257,58,1416,0.506789863,132.2535311,4676.564893,1
4257,59,1392,0.462823752,138.6041667,5344.992087,1
4257,60,1791,0.361810062,121.4907873,3588.983932,1
4257,61,1747,0.474061344,124.3880939,4334.087895,1
4257,62,1172,0.52748268,129.5708191,4638.576444,1
4257,63,1385,0.372952975,122.101083,3907.587576,1
4257,64,1387,0.378136673,125.2862293,4034.792322,1
4257,65,1250,0.501415932,124.8776,4443.70925,1
4257,66,859,0.704988438,124.8277066,4196.08927,1
4257,67,1112,0.615554578,122.6258993,3623.248264,1
4258,1,917,0.522565896,176.2159215,8351.639465,1
4258,2,1020,0.503140062,181.6872549,8482.70174,1
4258,3,1072,0.496547888,173.7677239,8144.281017,1
4258,4,1085,0.812157867,163.9981567,6289.225876,1
4258,5,1089,0.474507194,183.4931129,8651.721779,1
4258,6,1358,0.620920811,161.7297496,6757.078123,1
4258,7,1392,0.433450598,172.5043103,7937.542181,1
4258,8,2199,0.430760598,165.7662574,6689.477854,1
4258,9,2610,0.726948888,167.6904215,6813.552062,1
4258,10,432,0.956016866,190.9398148,6670.144807,0
4258,11,973,0.64729948,160.4470709,6667.394007,1
4258,12,1025,0.791857433,172.4439024,7053.856143,1
4258,13,849,0.549048727,168.6866902,7760.562205,1
4258,14,649,0.742402308,157.9414484,6616.869972,1
4258,15,534,0.762025282,172.6441948,7376.890902,1
4258,16,689,0.733191404,170.5108853,6987.786484,1
4258,17,2327,0.390067032,161.9419854,6912.35111,1
4258,18,1057,0.472006348,163.5146641,7142.235669,1
4258,19,935,0.561074224,178.7090909,8327.446773,1
4258,20,2342,0.636954551,178.707088,6970.339471,1
4258,21,1270,0.299247151,152.7527559,4524.03708,1
4258,22,1365,0.392819722,153.0168498,5486.296962,1
4258,23,827,0.869967734,158.923821,6226.39021,1
4258,24,914,0.819767831,163.1301969,6767.274103,1
4258,25,1649,0.305575124,141.6531231,5691.369626,1
4258,26,601,0.935704787,187.3094842,6696.475197,0
4258,27,1367,0.615987225,143.013899,5712.501507,1
4258,28,2555,0.285406594,158.1772994,5835.26095,1
4258,29,1821,0.497115741,142.9478309,5418.491161,1
4258,30,206,0.867472573,178.0776699,7048.428204,0
4258,31,1901,0.496362545,140.8679642,5267.272336,1
4258,32,812,0.632106728,160.0603448,6775.829754,1
4258,33,1204,0.62984752,151.1137874,5972.617389,1
4258,34,1493,0.531091896,132.5813798,4798.700606,1
4258,35,1427,0.849422466,125.9348283,3524.645336,1
4258,36,1393,0.505623042,147.2548457,5765.423037,1
4258,37,1456,0.444018202,146.6586538,5785.419087,1
4258,38,1058,0.569357774,155.7353497,6515.916881,1
4258,39,1559,0.42209377,146.5837075,5765.84349,1
4258,40,1413,0.498607808,147.1118188,5807.758757,1
4258,41,1079,0.428114179,156.9434662,5826.88185,1
4258,42,704,0.770570719,154.1363636,5177.60123,1
4258,43,641,0.574627915,137.7332293,5525.59116,1
4258,44,551,0.590060899,137.3720508,5116.497829,1
4258,45,719,0.823130275,135.4923505,4337.201605,1
4258,46,984,0.790698674,139.4715447,4716.158833,1
4258,47,1021,0.606910842,139.9333986,5147.699868,1
4258,48,1099,0.616757472,136.5568699,4846.066736,1
4258,49,1658,0.441324462,137.4041013,5051.56448,1
4258,50,1057,0.700106269,140.0548723,4739.84016,1
4258,51,1979,0.526280872,131.1758464,4594.128176,1
4258,52,1038,0.847189998,146.2774566,4777.63035,1
4258,53,830,0.663305921,149.4771084,5961.90104,1
4258,54,1005,0.625223988,144.1671642,5683.705687,1
4258,55,931,0.469943915,145.1675618,5748.862984,1
4258,56,1254,0.426543954,146.9194577,5697.837016,1
4258,57,1561,0.529307048,134.8987828,4878.233816,1
4258,58,906,0.773823254,139.9889625,5164.726968,1
4258,59,938,0.750818679,140.6108742,5296.292417,1
4258,60,1275,0.446460557,151.1827451,6035.18777,1
4258,61,1074,0.720000991,141.2178771,5030.704035,1
4258,62,1451,0.593095609,120.2777395,3942.163111,1
4258,63,686,0.693432061,118.0816327,3713.249656,1
4258,64,1592,0.494213288,142.8398241,5448.997105,1
4258,65,1199,0.486635767,124.9799833,4332.892806,1
4258,66,1467,0.487047939,148.5419223,5799.807208,1
4258,67,1630,0.473982871,139.5742331,5116.034657,1
4258,68,935,0.577386919,125.997861,4453.786442,1
4258,69,1365,0.444839301,127.9421245,4876.006133,1
4258,70,1065,0.340799459,118.656338,3654.659108,1
4258,71,1019,0.719152663,121.3209028,4136.890479,1
4258,72,985,0.716473685,129.9675127,4631.779448,1
4258,73,1258,0.416367806,128.9459459,4763.713863,1
4258,74,1560,0.780230547,136.1416667,4714.373993,1
4258,75,1504,0.898254365,134.7712766,3483.710608,1
4258,76,1079,0.375105429,127.6005561,4487.430131,1
4258,77,636,0.60850878,132.9622642,5309.519061,1
4258,78,653,0.561288928,124.2235835,4240.27436,1
4258,79,312,0.691760813,127.724359,4178.256517,1
4260,1,601,0.719880584,109.5657238,3420.846693,1
4260,2,1934,0.566341396,114.2399173,3465.290986,1
4260,3,1187,0.685632528,112.5071609,3014.589216,1
4260,4,1274,0.528891856,107.2166405,3336.899884,1
4260,5,1935,0.514579832,117.2713178,3805.42212,1
4260,6,1102,0.640381555,114.2477314,3774.806265,1
4260,7,515,0.832223178,111.3359223,3206.764132,1
4260,8,497,0.869133461,110.7303823,3261.026544,1
4260,9,1756,0.495471748,113.3644647,3450.742447,1
4260,10,1038,0.631839943,116.8131021,4108.738571,1
4260,11,1853,0.452145492,111.9794927,3213.408848,1
4260,12,940,0.79833961,130.4297872,5110.698079,1
4260,13,1094,0.662487371,128.274223,5121.228381,1
4260,14,475,0.928390252,151.2357895,5620.354965,1
4260,15,969,0.788536539,122.7894737,4582.236012,1
4260,16,1120,0.636419647,122.6419643,4337.886451,1
4260,17,200,0.783765884,130.24,4226.068158,1
4260,18,1399,0.400244025,118.1479628,3903.653119,1
4260,19,1156,0.600466116,118.9290657,4110.942353,1
4260,20,1429,0.494253714,122.3303009,4636.812851,1
4260,21,893,0.73170342,131.4972004,4561.671748,1
4260,22,1472,0.36227082,120.3403533,4169.07813,1
4260,23,1102,0.498621984,128.0490018,4782.004157,1
4260,24,1324,0.802094947,115.8293051,3418.238482,1
4260,25,1705,0.61049491,118.0920821,3950.52862,1
4260,26,1333,0.479564725,121.4741185,4164.724502,1
4260,27,985,0.72068702,121.4852792,4312.381978,1
4260,28,1235,0.483846602,118.7748988,4090.81919,1
4260,29,815,0.868879314,132.9435583,4604.892797,1
4260,30,1514,0.312383593,118.6571995,3322.057779,1
4260,31,941,0.50733812,116.901169,3701.216694,1
4260,32,1430,0.716495723,112.234965,3243.968301,1
4260,33,640,0.920004764,143.5046875,5737.047966,1
4260,34,499,0.817188468,139.2825651,5653.490694,1
4260,35,987,0.699855664,119.6757852,4405.084246,1
4260,36,442,0.71196062,149.040724,6390.340671,1
4260,37,1045,0.617051259,133.2669856,5225.18698,1
4260,38,1560,0.42523321,119.850641,4147.555314,1
4260,39,619,0.625706189,143.4313409,6041.372755,1
4260,40,1172,0.790816248,116.3105802,3512.123709,1
4260,41,2422,0.496368558,112.9351775,3468.913218,1
4260,42,1570,0.492904591,120.5261146,4005.741139,1
4260,43,1318,0.82757739,116.1623672,3116.711343,1
4260,44,1236,0.726411512,160.4466019,6694.945256,1
4260,45,1778,0.578593802,115.1248594,3769.028709,1
4260,46,2147,0.496333693,116.88449,3593.741579,1
4260,47,1317,0.353574293,130.9605163,4084.756527,1
4260,48,1561,0.552841543,110.813581,3355.529527,1
4260,49,687,0.552042672,136.3959243,5425.025884,1
4260,50,2072,0.56532606,118.5907336,3647.800168,1
4260,51,102,0.948369054,178.5294118,6833.513085,0
4260,52,1168,0.411972439,122.1746575,4696.409964,1
4260,53,307,0.986766231,184.7068404,6334.301094,0
4260,54,1008,0.626463661,112.2956349,3604.862626,1
4260,55,1577,0.776224297,116.3753963,3106.731528,1
4260,56,882,0.86563758,155.4319728,6101.88606,1
4260,57,1397,0.401369317,132.5533286,4643.799733,1
4260,58,1212,0.597628315,131.1237624,4858.673179,1
4260,59,1243,0.280364077,119.078037,3394.576642,1
4260,60,101,1.037829463,201.5841584,7882.107897,0
4260,61,1083,0.544704922,114.7599261,3553.321858,1
4260,62,1283,0.347921681,118.2034295,3474.633102,1
4260,63,2391,0.464650113,122.281054,3840.089074,1
4260,64,1110,0.364279268,114.3558559,3781.118728,1
4260,65,763,0.637489269,118.3695937,4154.903477,1
4260,66,800,0.67719797,121.18,4374.179248,1
4260,67,1255,0.507588097,114.6031873,3872.50269,1
4260,68,1341,0.460778406,119.7636092,3992.719924,1
4260,69,1598,0.340370158,116.6545682,4051.050985,1
4260,70,1106,0.529424724,122.4764919,4403.114399,1
4260,71,1034,0.918927636,121.9680851,3176.400991,1
4260,72,1441,0.493581571,122.388619,4296.196373,1
4260,73,1483,0.434767273,122.9298719,4084.152755,1
4260,74,1109,0.412101497,122.4959423,4458.599236,1
4260,75,1152,0.760673063,118.5251736,3843.086855,1
4260,76,1372,0.498762301,118.4810496,3855.700382,1
4260,77,1456,0.45536084,120.1401099,3933.421334,1
4260,78,1712,0.464384144,123.9871495,4673.576655,1
4260,79,1731,0.527143068,121.0283073,4283.760601,1
4260,80,2386,0.410482053,123.9995809,4580.773291,1
4260,81,1769,0.349987525,124.9089881,4338.282419,1
4260,82,1357,0.54161852,131.7619749,5376.38946,1
4260,83,1701,0.558569427,126.0088183,4646.506041,1
4260,84,975,0.708564932,136.3682051,4967.098354,1
4260,85,569,0.962656158,159.3690685,4384.482324,0
4260,86,1028,0.754941381,125.8667315,4449.080805,1
4260,87,416,0.75677788,113.7019231,3776.502178,1
4260,88,824,0.928593965,165.9089806,4327.465656,0
4261,1,1277,0.515654109,144.6585748,5425.618161,1
4261,2,1201,0.500319056,146.9833472,5769.270654,1
4261,3,1335,0.485311714,170.5707865,7991.474795,1
4261,4,2258,0.454702781,144.0150576,5017.488248,1
4261,5,328,0.989924208,177.4786585,6141.553804,0
4261,6,1781,0.404893002,137.0898372,4872.348736,1
4261,7,2211,0.567436594,141.3496156,5273.544944,1
4261,8,1920,0.404900508,141.6229167,5197.304758,1
4261,9,1462,0.57589705,133.4808482,4709.36032,1
4261,10,1336,0.553009524,144.4101796,5681.838663,1
4261,11,1033,0.823667875,138.642788,4923.727079,1
4261,12,1818,0.359850029,131.7783278,4032.74576,1
4261,13,1042,0.705236662,138.4827255,5436.137568,1
4261,14,1337,0.678185559,140.3395662,4923.476932,1
4261,15,1431,0.677555709,135.7624039,3694.995586,1
4261,16,1383,0.501993301,131.6565437,4721.762049,1
4261,17,1429,0.560480541,131.8243527,4561.863661,1
4261,18,2469,0.359425794,128.3657351,4357.453932,1
4261,19,1433,0.547011783,125.2707606,4110.938581,1
4261,20,1387,0.404102731,124.7555876,4103.502677,1
4261,21,555,0.951866007,188.809009,6530.639648,0
4261,22,1050,0.515260465,138.867619,5476.924469,1
4261,23,924,0.612013427,138.9101732,5541.235183,1
4261,24,1296,0.476394942,136.3881173,5021.53005,1
4261,25,1652,0.491196286,128.2173123,4368.152431,1
4261,26,1884,0.524740117,133.2627389,4841.243304,1
4261,27,1657,0.603943502,127.4164152,4479.406077,1
4261,28,2566,0.597282904,141.4544037,5667.336598,1
4261,29,1664,0.405309786,124.9717548,4353.635887,1
4261,30,2048,0.50268656,130.4584961,4778.446144,1
4261,31,1200,0.685035949,122.7925,3925.599196,1
4261,32,1211,0.636031628,128.0842279,4819.042544,1
4261,33,2021,0.322664816,134.5561603,4637.124918,1
4261,34,2001,0.589625389,133.2378811,4745.902368,1
4261,35,1961,0.530233982,120.5920449,4000.072235,1
4261,36,1604,0.512974334,136.3541147,5384.971903,1
4261,37,1580,0.661898564,119.093038,3880.943507,1
4261,38,2302,0.422690704,123.10947,3572.276743,1
4261,39,1844,0.648739563,119.0813449,3842.841557,1
4261,40,1066,0.411575852,117.0375235,3541.637569,1
4261,41,919,0.794821211,122.7747552,4194.81748,1
4261,42,1872,0.779847855,123.1517094,3779.427222,1
4261,43,583,0.764759049,120.5986278,3996.657554,1
4261,44,649,0.670038239,128.7781202,4742.8573,1
4261,45,886,0.837551663,132.1681716,4892.085575,1
4261,46,1293,0.524750998,156.1515855,6773.956226,1
4261,47,997,0.914394934,118.445336,3407.269876,1
4261,48,980,0.476811227,118.2081633,4189.169357,1
4261,49,2132,0.706067439,128.2382739,4549.143249,1
4261,50,871,0.597936579,120.5086108,4224.896538,1
4261,51,912,0.826714944,116.6743421,3296.79298,1
4261,52,936,0.620867382,122.4786325,4360.685255,1
4261,53,1706,0.571496761,119.2878077,3879.265018,1
4261,54,295,0.930675717,94.6,1788.773444,0
4261,55,1584,0.356204818,121.7411616,4044.653326,1
4261,56,1207,0.766060416,135.8591549,4988.410696,1
4261,57,1782,0.590765265,121.7553311,3992.496831,1
4261,58,1786,0.508603935,114.56271,3484.503613,1
4262,1,1457,0.395976446,162.266987,6525.667258,1
4262,2,247,0.940239296,161.7165992,4878.098726,0
4262,3,1498,0.574630621,158.5327103,6408.051348,1
4262,4,277,0.880647112,194.0758123,7954.09653,1
4262,5,1951,0.432799901,144.8303434,5099.889745,1
4262,6,1477,0.493034967,164.52065,7087.795345,1
4262,7,1420,0.711485263,171.5697183,6961.758719,1
4262,8,1713,0.34412267,169.5814361,6404.890428,1
4262,9,1080,0.49586097,169.8351852,7470.830808,1
4262,10,1835,0.392013008,170.3444142,6479.005834,1
4262,11,964,0.49634497,168.8973029,7398.281893,1
4262,12,779,0.836417535,130.3504493,3491.503825,1
4262,13,707,0.762527294,137.0749646,4280.660116,1
4262,14,522,0.708436528,170.4942529,7870.775805,1
4262,15,526,0.686083053,164.2110266,7142.931369,1
4262,16,1433,0.330905468,147.5373343,5446.774184,1
4262,17,703,0.776405055,179.6372688,7749.074275,1
4262,18,1353,0.749547302,154.4427199,5705.213588,1
4262,19,1607,0.428730387,159.0833852,6437.404699,1
4262,20,989,0.626804146,173.6541962,7311.770082,1
4262,21,1345,0.281399128,150.26171,4679.283783,1
4262,22,440,0.938176437,200.2818182,7647.826764,0
4262,23,1379,0.383934744,159.9195069,6824.140804,1
4262,24,1903,0.47383685,155.0199685,6443.7044,1
4262,25,508,0.879751268,182.9645669,7175.647746,1
4262,26,1238,0.779234044,166.8473344,6495.488378,1
4262,27,1566,0.525914737,168.5268199,7291.784904,1
4262,28,3032,0.256110339,135.6903034,3608.806213,1
4262,29,917,0.578009081,150.1384951,6152.285809,1
4262,30,1156,0.511228003,139.5899654,5050.857966,1
4262,31,996,0.485202581,130.4849398,4652.159247,1
4262,32,1131,0.377146443,135.0185676,4834.178562,1
4262,33,1045,0.523868414,128.0555024,4506.638877,1
4262,34,1959,0.338383167,138.2281776,4957.2887,1
4262,35,1388,0.469951642,140.9063401,5102.945983,1
4262,36,2326,0.49028357,126.6590714,4276.386846,1
4262,37,806,0.690028507,142.3027295,5322.834104,1
4262,38,812,0.834646783,144.6034483,4769.95617,1
4262,39,554,0.859923661,158.5722022,5966.351909,1
4262,40,661,0.647586561,152.4977307,6148.107791,1
4262,41,993,0.58830169,142.5407855,5458.265551,1
4262,42,808,0.691740737,150.7561881,6204.668462,1
4262,43,1020,0.601460234,138.9941176,4973.301315,1
4262,44,1076,0.331954989,151.75,5702.114755,1
4262,45,1873,0.370909895,146.3171383,5234.183071,1
4262,46,1112,0.549702492,139.6357914,5218.482859,1
4262,47,1108,0.625511791,160.6877256,7110.078354,1
4262,48,1837,0.627166243,125.1687534,4150.611955,1
4262,49,1078,0.771980661,145.6920223,5243.784063,1
4262,50,1926,0.455170571,121.2502596,3805.922011,1
4262,51,1118,0.610643758,161.6618962,7196.577035,1
4262,52,786,0.842825784,180.8015267,7250.511132,1
4262,53,1771,0.503850101,150.8514963,5992.880925,1
4262,54,1040,0.50971276,122.1682692,4297.323031,1
4262,55,977,0.553574063,126.2077789,4482.045534,1
4262,56,1769,0.404912351,123.0825325,4157.501399,1
4262,57,1545,0.405726204,121.9268608,3959.062788,1
4262,58,1480,0.320760201,120.6878378,3630.659157,1
4262,59,1356,0.527793548,121.2212389,3980.706779,1
4262,60,221,0.959519698,199.7420814,6474.434026,0
4262,61,1657,0.386169033,161.3192517,5985.264288,1
4262,62,118,0.947675095,171.3474576,6234.404791,0
4262,63,149,0.707174705,195.3959732,7552.676905,0
4262,64,2705,0.418262651,146.0584104,5636.365661,1
4262,65,933,0.677675835,152.4019293,6095.362262,1
4262,66,480,0.569997741,143.8375,4893.479909,1
4264,1,2137,0.342021063,112.215723,3497.528674,1
4264,2,1610,0.436666921,111.5391304,3171.607466,1
4264,3,1116,0.502028545,116.5967742,4073.833852,1
4264,4,1427,0.429596066,117.7365102,3683.220233,1
4264,5,1606,0.480723153,113.3617684,3509.48521,1
4264,6,215,0.945492178,179.0325581,6284.803048,0
4264,7,365,0.976743221,158.4191781,4909.75209,0
4264,8,377,0.968469573,174.0132626,5630.583937,0
4264,9,1272,0.532870236,106.8286164,3048.122394,1
4264,10,1402,0.459911978,107.4907275,3008.118929,1
4264,11,385,0.972659553,152.2,4328.753616,1
4264,12,1161,0.902359892,110.6149871,2558.052965,1
4264,13,886,0.516565394,110.234763,3855.482602,1
4264,14,819,0.581351832,117.7094017,4149.577494,1
4264,15,1615,0.547617478,109.7467492,3255.81988,1
4264,16,1326,0.382744626,120.0241327,3815.352698,1
4264,17,1231,0.300593494,119.8529651,4125.995346,1
4264,18,1308,0.46352913,115.074159,3498.811524,1
4264,19,1090,0.383185804,117.9963303,4045.278947,1
4264,20,1549,0.411549152,109.9961265,3331.736735,1
4264,21,312,0.984307877,182.3301282,5937.750194,0
4264,22,1485,0.399201519,111.6639731,3275.308905,1
4264,23,1222,0.599444474,114.0556465,3680.532258,1
4264,24,356,0.976117198,172.6601124,5036.884354,0
4264,25,200,0.92797883,186.04,7143.729671,0
4264,26,1234,0.563540566,114.6004862,3826.191117,1
4264,27,614,0.606280956,107.2068404,3566.683959,1
4264,28,426,0.979145764,164.9131455,4746.320847,0
4264,29,90,0.801836159,210.0666667,8792.483983,0
4264,30,505,0.682510401,113.7227723,3820.800943,1
4264,31,1608,0.407976965,109.6368159,3108.000288,1
4264,32,707,0.395483951,122.0749646,4082.859333,1
4264,33,373,0.981302707,164.7184987,4447.419745,0
4264,34,478,0.968101745,162.8974895,4466.613497,0
4264,35,283,0.978561824,200.7667845,6973.694375,0
4264,36,1735,0.912080584,130.8887608,3411.364797,2
4264,37,327,0.96922862,172.4342508,5548.812494,0
4264,38,314,0.914173873,177.5159236,5773.73411,0
4264,39,1367,0.445758333,114.138259,3703.976871,1
4264,40,1620,0.407611714,112.2160494,3460.265124,1
4264,41,912,0.451640031,114.8322368,3919.495946,1
4264,42,340,0.965370563,184.2264706,6109.034044,0
4264,43,253,0.935896114,176.0118577,6382.328246,0
4264,44,817,0.58117319,119.1762546,4379.154829,1
4264,45,691,0.675354369,120.9464544,4055.338524,1
4264,46,904,0.598766383,116.4811947,3963.872656,1
4264,47,353,0.967891492,174.4192635,5344.273168,0
4264,48,474,0.980516395,157.2890295,4074.419485,1
4264,49,1416,0.33932926,111.6631356,3425.631906,1
4264,50,942,0.571238412,113.2324841,3688.076942,1
4264,51,760,0.646220955,114.0789474,3914.778014,1
4264,52,292,0.971552646,139.8013699,3301.483302,0
4264,53,554,0.937278579,150.2436823,4073.701577,0
4264,54,1416,0.407611336,115.315678,3683.909082,1
4264,55,447,0.974009804,177.5011186,5327.595854,0
4264,56,385,0.91363175,163.8727273,5747.597257,0
4264,57,204,1.000157718,139.2647059,3229.296326,0
4264,58,518,0.958091278,153.1081081,4544.032098,0
4264,59,1541,0.463915583,117.9104478,3519.545807,1
4264,60,986,0.426175777,120.9371197,3885.990827,1
4264,61,677,0.954138905,157.7296898,4195.386155,0
4264,62,491,0.945792795,138.8940937,3573.138619,0
4264,63,511,0.748906743,186.3816047,8032.469525,1
4264,64,572,0.854833579,178.5611888,5858.51148,1
4264,65,494,0.82915248,181.6032389,6925.494711,1
4264,66,246,0.955823345,188.2357724,6750.703437,0
4264,67,372,0.978671869,160.7526882,4548.172467,0
4264,68,1489,0.633348136,115.5030222,3629.355351,1
4264,69,1257,0.888065319,111.5560859,2991.928632,1
4264,70,1874,0.464778469,114.5245464,3633.612695,1
4264,71,1540,0.641849164,114.6967532,3460.983782,1
4264,72,1546,0.640457025,119.8318241,4014.998454,1
4264,73,1256,0.581066916,114.7452229,3610.936767,1
4264,74,1235,0.479623213,117.6283401,4235.588457,1
4264,75,1416,0.535411354,114.5473164,3641.702587,1
4264,76,1434,0.641218037,111.8054393,3438.363766,1
4264,77,1005,0.852135204,113.8308458,3232.471453,1
4264,78,2780,0.426472133,115.8241007,3877.584451,1
4264,79,1132,0.380954463,107.975265,3013.304443,1
4264,80,1132,0.719486758,114.7508834,3888.178358,1
4264,81,1523,0.54415934,116.3269862,3733.668914,1
4264,82,1786,0.562080776,113.8068309,3705.905845,1
4264,83,1234,0.384772413,117.1855754,4078.104881,1
4264,84,1746,0.269249244,116.2600229,2829.711017,1
4264,85,716,0.740163401,125.6522346,4937.716734,1
4264,86,1281,0.368166683,114.7338017,3648.923336,1
4264,87,1515,0.424468482,117.1188119,4103.517008,1
4264,88,954,0.745492244,120.4769392,4332.315439,1
4264,89,729,0.968534284,175.1124829,5221.522532,0
4264,90,1916,0.508254027,113.0688935,3471.718907,1
4264,91,1886,0.526499347,117.6251326,3698.108356,1
4264,92,1816,0.683061906,116.9592511,3692.514847,1
4265,1,357,0.939209293,185.8403361,6242.533578,0
4265,2,796,0.615915235,127.2562814,4706.954762,1
4265,3,862,0.627965383,130.1832947,4473.388206,1
4265,4,886,0.713571391,143.2426637,5413.615544,1
4265,5,925,0.562594677,137.0616216,5256.885402,1
4265,6,921,0.388904184,127.2909881,4026.422051,1
4265,7,678,0.431546047,132.8451327,4173.599966,1
4265,8,576,0.439705295,131.3958333,3858.123607,1
4265,9,1719,0.418336146,147.3036649,5914.155653,1
4265,10,665,0.639355253,123.1804511,4301.327169,1
4265,11,676,0.597967968,132,4783.108083,1
4265,12,1112,0.340402042,130.1717626,4499.983875,1
4265,13,1245,0.646695774,120.8594378,3714.804865,1
4265,14,1062,0.399584503,133.0451977,4689.544697,1
4265,15,636,0.616697903,127.0424528,4143.941715,1
4265,16,1673,0.547123788,125.9850568,4219.496835,1
4265,17,1753,0.563716651,129.2452938,4549.301926,1
4265,18,3417,0.262280446,138.3482587,5150.423009,1
4265,19,1339,0.523208589,121.0268857,4151.660029,1
4265,20,1316,0.547777999,125.018997,4339.317748,1
4265,21,1408,0.858262564,122.899858,3788.546745,1
4265,22,1396,0.512365757,131.6024355,4682.77244,1
4265,23,972,0.433897063,127.9619342,4684.771946,1
4265,24,1119,0.601576935,130.7631814,4859.446673,1
4265,25,1771,0.289709481,123.7786561,3608.323713,1
4265,26,1647,0.524279749,123.1414693,4122.040491,1
4265,27,1372,0.507346955,125.7653061,4047.726515,1
4265,28,1743,0.50331084,123.4515204,4110.675178,1
4265,29,1024,0.540005144,116.421875,3681.412364,1
4265,30,245,0.951937884,196.555102,7516.751715,0
4265,31,969,0.487624384,118.4189886,3722.934261,1
4265,32,1126,0.640694764,130.3419183,4785.896831,1
4265,33,1483,0.402487497,126.2980445,3808.684017,1
4265,34,1418,0.419806187,129.1798307,4778.718869,1
4265,35,1324,0.4828778,123.8957704,3999.864554,1
4265,36,1798,0.620492304,119.5856507,3791.620045,1
4265,37,1728,0.631470871,119.2413194,3761.66525,1
4265,38,1478,0.344365207,122.3619756,4008.298574,1
4265,39,1238,0.397939171,113.3303716,3124.362107,1
4265,40,1306,0.497201999,118.1102603,4048.518154,1
4265,41,1073,0.826332774,128.5601118,4222.938897,1
4265,42,1262,0.447705422,116.3438986,3421.330864,1
4265,43,1818,0.633351185,115.8316832,3424.722266,1
4265,44,502,0.890137052,160.1772908,5387.91827,0
4265,45,287,0.965670225,170.8188153,5871.97088,0
4265,46,364,0.948186265,191.8186813,5836.673423,0
4265,47,274,0.936746967,177.1751825,5418.0473,0
4265,48,631,0.691886496,113.6133122,4043.879673,1
4265,49,1518,0.359837296,131.5494071,4959.635854,1
4265,50,2055,0.389146117,118.0530414,3101.162579,1
4265,51,1593,0.478903531,120.9861896,3908.757256,1
4265,52,2080,0.373769169,117.7139423,3663.846367,1
4265,53,819,0.753349721,133.8754579,5408.357992,1
4265,54,1236,0.348085495,121.1076052,4435.739239,1
4265,55,1864,0.483229242,120.1861588,4421.669946,1
4265,56,276,0.981137437,173.5,4999.789166,0
4265,57,1891,0.403307555,115.9407721,3191.920312,1
4265,58,1256,0.45807743,132.1066879,4600.506582,1
4265,59,1146,0.3722329,112.1884817,3109.131421,1
4265,60,908,0.728799865,116.1244493,3922.065858,1
4265,61,1623,0.513057919,107.6759088,3028.408847,1
4265,62,1175,0.517521415,111.946383,3578.526699,1
4265,63,1331,0.553193938,118.7370398,3956.813045,1
4265,64,2065,0.46212518,110.1757869,3231.606824,1
4265,65,1444,0.509864922,117.5304709,3775.749813,1
4265,66,341,0.490562846,107.1378299,2959.282969,1
4266,1,780,0.526311155,153.9987179,6491.974325,1
4266,2,903,0.880897175,190.6633444,7641.218327,1
4266,3,736,0.709380019,145.1086957,3987.673221,1
4266,4,1375,0.748328322,143.7818182,4836.570005,1
4266,5,973,0.482457012,150.3710175,6000.573657,1
4266,6,1116,0.538373043,135.2535842,4939.064435,1
4266,7,1115,0.657103757,149.4959641,5832.214562,1
4266,8,1097,0.382338251,151.7575205,6129.130424,1
4266,9,1196,0.460166297,140.138796,5110.290894,1
4266,10,2157,0.383475524,122.8817803,3850.011849,1
4266,11,935,0.574953855,131.1219251,4680.966915,1
4266,12,853,0.752817047,143.126612,5230.979073,1
4266,13,1247,0.751860468,127.6287089,3988.884178,1
4266,14,1411,0.491193674,136.4507442,5230.467886,1
4266,15,1826,0.448196122,132.6746988,4775.485508,1
4266,16,1280,0.444981417,147.734375,5830.543472,1
4266,17,1213,0.412166785,160.1286068,6159.608564,1
4266,18,1186,0.65281745,146.4662732,6231.739653,1
4266,19,665,0.837635098,152.1007519,6383.722189,1
4266,20,812,0.635534986,153.6736453,6592.720397,1
4266,21,1784,0.401483643,136.6266816,5012.229854,1
4266,22,1864,0.396699158,141.1974249,5375.269739,1
4266,23,302,0.879237291,174.9900662,6360.603701,0
4266,24,1506,0.450973444,133.3313413,5091.72435,1
4266,25,643,0.515029192,152.7620529,6046.09413,1
4266,26,911,0.543024193,137.7167947,5200.821314,1
4266,27,1295,0.606401423,142.2965251,5555.710733,1
4266,28,1438,0.602121983,133.6168289,4901.557189,1
4266,29,1542,0.542492628,131.7036316,4782.096177,1
4266,30,843,0.377590371,155.6298932,6359.074011,1
4266,31,1282,0.388484213,142.7402496,5589.300892,1
4266,32,1436,0.384093396,141.2249304,4980.485167,1
4266,33,1186,0.640766505,129.4755481,4541.929103,1
4266,34,1283,0.426324271,133.598597,4763.291266,1
4266,35,1510,0.523601703,136.5099338,5118.776318,1
4266,36,1529,0.467396798,131.3126226,4743.678587,1
4266,37,3284,0.295272798,125.5825213,4211.126451,1
4266,38,832,0.722129255,137.2271635,5130.723295,1
4266,39,909,0.681163155,134.249725,4735.354248,1
4266,40,1816,0.551164536,125.3705947,4123.078956,1
4266,41,2278,0.402726447,142.0412643,5800.426641,1
4266,42,986,0.690222265,135.7900609,5089.368552,1
4266,43,966,0.611865458,124.8219462,4346.794584,1
4266,44,1277,0.402532768,124.8214565,3643.804531,1
4266,45,841,0.798369147,124.9774078,4208.422744,1
4266,46,599,0.722316633,132.9565943,4840.924801,1
4266,47,1700,0.505263679,109.6123529,3290.050904,1
4266,48,1096,0.853270277,141.3120438,3978.371105,1
4266,49,1175,0.416841419,125.4008511,4115.400762,1
4266,50,1021,0.864273909,121,3136.451015,1
4266,51,1122,0.798135029,122.8939394,3649.446256,1
4266,52,1586,0.383508283,125.6399748,4348.580328,1
4266,53,1650,0.316220423,120.4460606,3890.469736,1
4266,54,575,0.967352577,171.9617391,5288.451629,0
4266,55,1415,0.788970727,118.5371025,3300.109666,1
4266,56,1607,0.526619179,117.7647791,3712.348019,1
4266,57,1605,0.410482438,122.3401869,3780.419246,1
4266,58,372,0.978671869,183.577957,5634.015934,0
4266,59,1627,0.570072972,120.4320836,3995.566026,1
4266,60,1264,0.459706974,114.9818038,3684.488233,1
4266,61,1607,0.458506694,116.1586808,3563.86968,1
4266,62,1839,0.471537138,128.976074,4548.66887,1
4266,63,1012,0.589456468,128.6442688,4737.295418,1
4266,64,1088,0.520162886,125.109375,4386.474501,1
4266,65,1754,0.447539501,131.7702395,5003.663656,1
4266,66,1308,0.639123395,128.0374618,4662.398627,1
4266,67,1785,0.592012968,121.0263305,4308.140448,1
4268,1,1973,0.445712512,113.4171313,3706.950906,1
4268,2,1875,0.556731739,116.1578667,3885.448851,1
4268,3,1271,0.80275993,119.559402,3715.023951,1
4268,4,1599,0.522387642,116.6066291,3691.287253,1
4268,5,908,0.909899463,126.2522026,4259.274157,1
4268,6,195,0.774495537,203.4051282,10288.84976,0
4268,7,1803,0.436684479,108.7914587,3167.105644,1
4268,8,728,0.876147916,123.3392857,3940.282809,1
4268,9,2558,0.572796892,134.8479281,5445.147409,1
4268,10,259,0.931425362,182.3783784,6805.378133,0
4268,11,1528,0.530731619,115.0373037,3748.773156,1
4268,12,1746,0.709267521,113.2548683,2859.66006,1
4268,13,1755,0.2754118,118.1230769,2815.31386,1
4268,14,1486,0.573360912,115.8149394,3870.213076,1
4268,15,1168,0.720675515,119.8578767,4270.172743,1
4268,16,1090,0.453118712,122.506422,3984.730274,1
4268,17,1315,0.503313522,124.0015209,4643.41525,1
4268,18,1521,0.705741136,116.2905983,3277.554366,1
4268,19,1728,0.761993338,115.2181713,3159.437191,1
4268,20,3111,0.388454888,122.5686275,4303.641874,1
4268,21,1219,0.473190423,112.369155,3694.467223,1
4268,22,1059,0.604254753,122.1803588,4411.29621,1
4268,23,2025,0.426238352,110.0641975,3397.84961,1
4268,24,371,0.953056264,178.0134771,6034.825308,0
4268,25,1463,0.62126109,117.138756,3935.711569,1
4268,26,1509,0.47118689,125.2604374,4805.223538,1
4268,27,306,0.972844825,163.0588235,4388.154183,0
4268,28,1061,0.424267194,112.0490104,3215.118292,1
4268,29,1238,0.71941231,158.733441,6612.782965,1
4268,30,1994,0.455307896,114.3615848,3359.365531,1
4268,31,686,0.954938257,159.9373178,4299.300055,0
4268,32,1777,0.454230512,117.9262802,3869.278866,1
4268,33,1248,0.67160539,127.2964744,4533.067929,1
4268,34,2290,0.572669216,135.1829694,5045.327574,1
4268,35,496,0.969434874,163.828629,4766.522993,0
4268,36,1431,0.435100764,131.9734451,5257.306901,1
4268,37,603,0.943910336,175.3814262,5276.210904,0
4268,38,1054,0.89515952,113.658444,2871.178444,1
4268,39,511,0.950733255,167.2778865,5026.646885,0
4268,40,1730,0.558825985,123.0884393,4496.688166,1
4268,41,1543,0.458338588,111.4938432,3548.569018,1
4268,42,367,0.920837565,162.73297,5380.348225,0
4268,43,145,0.942440234,190.3241379,7925.159387,0
4268,44,418,0.96075805,180.1650718,5841.402718,0
4268,45,1905,0.399024292,128.2309711,4808.697696,1
4268,46,1045,0.130643509,100.0143541,824.7298723,2
4268,47,888,0.826077427,122.0157658,3835.080598,1
4268,48,1865,0.402103015,116.9008043,3459.178474,1
4268,49,420,0.980834417,187.8238095,6114.637076,0
4268,50,905,0.455658075,124.7149171,4739.036526,1
4268,51,1015,0.731431977,122.7261084,4689.411998,1
4268,52,440,0.973720882,170.2545455,5018.30035,0
4268,53,1532,0.550218828,121.9164491,4546.144561,1
4268,54,1592,0.397591642,122.1080402,3802.691111,1
4268,55,454,0.982971305,168.1431718,5189.998052,0
4268,56,3155,0.442942998,136.3435816,5175.545938,1
4268,57,607,0.939962127,175.2224053,6427.484776,0
4268,58,344,0.976727863,175.6976744,5784.348754,0
4269,1,1906,0.43975067,144.2282267,5188.257447,1
4269,2,1298,0.471562431,155.8929122,6335.845254,1
4269,3,1800,0.563979693,149.6633333,6021.433338,1
4269,4,1525,0.333984923,149.3888525,5599.400144,1
4269,5,1612,0.364069565,141.3120347,5411.69968,1
4269,6,2089,0.263084329,146.9411202,4488.228463,1
4269,7,2113,0.407094334,145.3251301,4891.812747,1
4269,8,1442,0.473721366,147.2323162,5823.763175,1
4269,9,724,0.610014344,155.6063536,6670.939354,1
4269,10,1608,0.46830336,140.5018657,5090.507609,1
4269,11,1199,0.376963844,146.5562969,5724.778701,1
4269,12,1721,0.592594567,137.6374201,4943.984836,1
4269,13,1824,0.57742042,136.841557,4848.262762,1
4269,14,642,0.850460217,158.228972,6450.016599,1
4269,15,631,0.814474236,161.8351823,6648.015465,1
4269,16,1928,0.446522541,138.2463693,4785.119449,1
4269,17,1425,0.567206986,135.3607018,4948.642368,1
4269,18,1210,0.671856722,138.7595041,5135.906054,1
4269,19,911,0.543335719,131.1635565,4988.750029,1
4269,20,886,0.829701425,126.46614,3459.163496,1
4269,21,1329,0.537771585,135.6177577,5143.979166,1
4269,22,917,0.595398293,132.2039258,4638.244948,1
4269,23,985,0.511642841,139.9532995,5454.780233,1
4269,24,2188,0.465925798,127.9771481,4277.443012,1
4269,25,729,0.630186899,140.0768176,5077.39938,1
4269,26,1246,0.501184598,128.3081862,4371.419849,1
4269,27,770,0.541789006,137.2558442,5074.051342,1
4269,28,950,0.416172279,151.8810526,5864.127351,1
4269,29,1262,0.551040439,140.9049128,5398.909681,1
4269,30,1509,0.348330898,135.2889331,3866.172666,1
4269,31,1075,0.755257317,139.0148837,4815.10278,1
4269,32,1377,0.505847429,148.6782861,6203.435105,1
4269,33,1853,0.48294404,131.5769023,4560.92079,1
4269,34,1627,0.390720722,149.5654579,6044.368563,1
4269,35,1172,0.810374254,137.1757679,4501.512637,1
4269,36,747,0.937146678,175.9223561,5836.314891,0
4269,37,1294,0.781736978,129.4103555,4034.18916,1
4269,38,1136,0.474566061,128.2746479,4634.59561,1
4269,39,1061,0.487975613,117.7417531,3846.740922,1
4269,40,979,0.669673829,120.485189,4000.379979,1
4269,41,1034,0.63304984,123.549323,4318.306667,1
4269,42,743,0.676642468,128.6998654,4705.863992,1
4269,43,1188,0.838946713,123.7011785,3275.532092,1
4269,44,604,0.703902089,128.9155629,4547.488061,1
4269,45,1250,0.40677292,117.484,3858.383205,1
4269,46,509,0.954970201,159.5776031,5784.069069,0
4269,47,803,0.554403873,122.0772105,4182.918637,1
4269,48,1195,0.601894339,123.265272,4067.810993,1
4269,49,1015,0.427393769,117.9852217,3736.21727,1
4269,50,750,0.71981121,119.924,4066.837567,1
4269,51,1167,0.471996262,133.3916024,5019.212638,1
4269,52,556,0.785276722,123.9910072,4051.396257,1
4269,53,849,0.542855613,121.3074205,4324.801863,1
4269,54,1271,0.367931696,119.7592447,3272.812712,1
4269,55,1115,0.52098328,139.6206278,5449.024248,1
4269,56,908,0.765045614,127.061674,4534.547972,1
4269,57,749,0.519762071,124.64753,4456.995601,1
4269,58,690,0.750347484,131.4376812,4781.230809,1
4269,59,995,0.409242006,133.1065327,4275.621441,1
4269,60,791,0.639541991,132.1769912,4940.134351,1
4269,61,902,0.506923306,127.3392461,4537.762097,1
4269,62,731,0.829169158,124.7400821,3575.824852,1
4269,63,1461,0.448570947,119.3887748,3786.487774,1
4269,64,2453,0.533602821,118.0888708,3693.839085,1
4269,65,2411,0.259263625,118.9730402,3375.418631,1
4269,66,1170,0.615062987,122.5991453,4398.250148,1
4269,67,1191,0.57844797,121.6439966,4389.429071,1
4269,68,1152,0.707397305,117.6467014,3648.908911,1
4269,69,1214,0.150965071,109.985173,1320.131197,2
4269,70,363,0.87546223,169.6033058,6050.952767,0
4269,71,1721,0.652727006,124.5386403,4236.735501,1
4269,72,1039,0.646375844,127.8594803,4697.037306,1
4269,73,1670,0.422785019,120.354491,4162.225892,1
4269,74,1677,0.30043485,120.0620155,2909.622072,1
4269,75,1799,0.51181611,119.3979989,3974.116907,1
4269,76,1909,0.332775788,119.547407,3394.744227,1
4269,77,2253,0.355046535,120.9116733,3480.611881,1
4269,78,974,0.08047226,107.6735113,599.6534818,2
4269,79,1841,0.331518749,124.3704508,4113.520442,1
4269,80,634,0.818346539,153.3312303,5902.052971,1
4269,81,1365,0.358923405,131.5904762,5311.370342,1
4269,82,438,0.902751229,166.5091324,7117.283998,1
4269,83,624,0.106514466,108.150641,885.5996141,2
4269,84,764,0.793695697,109.9842932,3379.340975,1
4269,85,694,0.885250131,111.795389,2886.227947,1
4269,86,396,0.341185161,129.8939394,4752.165647,1
4270,1,852,0.88903454,160.2100939,5133.063716,1
4270,2,991,0.636441211,156.5519677,6370.766307,1
4270,3,629,0.845834957,173.5262321,6825.973905,1
4270,4,1303,0.406863166,158.0153492,6587.83888,1
4270,5,1672,0.423449583,131.2547847,4490.453191,1
4270,6,1538,0.531489537,141.2821847,5258.820368,1
4270,7,1367,0.265765653,155.9619605,5649.258677,1
4270,8,1484,0.465436971,161.6576819,6853.310023,1
4270,9,1409,0.628660173,163.330731,7203.545857,1
4270,10,379,0.93539733,195.883905,7212.595797,0
4270,11,415,0.969157817,212.9614458,7883.602174,0
4270,12,1249,0.600726393,148.694956,5772.486612,1
4270,13,310,0.960093112,197.4451613,7060.6746,0
4270,14,1198,0.407999915,159.903172,6746.591726,1
4270,15,540,0.944330119,167.9055556,5562.522514,0
4270,16,756,0.885174892,151.4907407,4470.002747,1
4270,17,1101,0.490063712,146.6067212,5804.923161,1
4270,18,2019,0.347571307,126.5988113,3842.636107,1
4270,19,2114,0.468331551,124.6447493,4127.364949,1
4270,20,2231,0.389902634,123.9632452,3634.915782,1
4270,21,1065,0.678272864,122.2441315,4151.762564,1
4270,22,932,0.865511655,123.3733906,3484.011655,1
4270,23,1005,0.593770913,129.1621891,4796.630187,1
4270,24,1320,0.642755123,142.7515152,5550.460484,1
4270,25,1385,0.534144428,140.433213,5439.298427,1
4270,26,1260,0.363839162,131.9301587,4566.284062,1
4270,27,1793,0.553706817,152.6631344,6200.799531,1
4270,28,2021,0.40937938,154.2439386,6311.546331,1
4270,29,1377,0.766331036,134.0007262,4522.942131,1
4270,30,1403,0.689351763,130.6364932,4284.74073,1
4270,31,634,0.95672553,193.8107256,6770.970986,0
4270,32,1561,0.378267879,127.4042281,4279.048526,1
4270,33,302,0.97069512,196.0066225,7488.484871,0
4270,34,1834,0.428576652,160.7186478,7182.839487,1
4270,35,1217,0.938705804,133.7945768,3471.786134,0
4270,36,1465,0.415599662,133.6027304,5165.963064,1
4270,37,2175,0.510396894,142.0878161,5478.413906,1
4270,38,1258,0.427904541,149.1335453,5468.05789,1
4270,39,2131,0.57934438,134.5645237,4694.355562,1
4270,40,1692,0.346960316,145.8185579,5404.115457,1
4270,41,1820,0.364082112,116.7675824,3104.953748,1
4270,42,1540,0.644831609,116.3837662,3714.916381,1
4270,43,885,0.391188056,119.2033898,4046.648251,1
4270,44,717,0.831036109,123.7642957,4603.425555,1
4270,45,731,0.681691754,119.9069767,4266.005646,1
4270,46,633,0.597344357,128.6382306,5117.591992,1
4270,47,951,0.660575937,120.8328076,4258.401736,1
4270,48,1118,0.404748822,124.0635063,3957.766205,1
4270,49,1488,0.429505282,122.5107527,4525.203393,1
4270,50,1801,0.351842644,150.9666852,5962.530045,1
4270,51,1804,0.324260012,137.2699557,5257.853028,1
4270,52,681,0.100921377,102.907489,768.2583846,2
4270,53,1261,0.410598517,140.3957177,4882.966838,1
4270,54,1327,0.358668446,138.9638282,4694.962681,1
4270,55,1067,0.46592901,136.7029053,5283.581379,1
4270,56,806,0.780967247,152.5049628,6273.683282,1
4270,57,1061,0.742723959,139.4505184,4853.766148,1
4273,1,583,0.603775214,111.4974271,3380.528004,1
4273,2,1472,0.611503906,113.3974185,3772.284307,1
4273,3,1626,0.603557431,115.50246,3892.506815,1
4273,4,1053,0.685741852,112.8974359,3495.851568,1
4273,5,1410,0.675833739,113.3446809,3414.278597,1
4273,6,900,0.47523252,113.3844444,3515.077377,1
4273,7,1810,0.52295298,114.3856354,3684.847682,1
4273,8,1772,0.360326363,110.7646727,3020.921267,1
4273,9,2006,0.489912453,116.6769691,3710.548008,1
4273,10,1307,0.372050361,108.5485845,2842.625682,1
4273,11,942,0.557317331,108.07431,3258.647849,1
4273,12,237,0.97694996,189.3544304,5756.895725,0
4273,13,691,0.952147292,166.5991317,5481.798765,0
4273,14,1815,0.447787645,119.5669421,4014.156377,1
4273,15,1798,0.376611904,115.9521691,3342.552404,1
4273,16,343,0.950079464,170.0058309,6047.234535,0
4273,17,1095,0.567313344,113.6009132,3831.432469,1
4273,18,992,0.562387531,123.1824597,4770.298333,1
4273,19,1055,0.80454796,122.4218009,4339.097768,1
4273,20,842,0.812383696,116.9489311,4056.350384,1
4273,21,1401,0.761765816,106.910778,2935.757866,1
4273,22,2059,0.439288826,120.431763,4059.320787,1
4273,23,1047,0.691045933,120.817574,4218.549026,1
4273,24,2333,0.429452227,119.3386198,3932.570759,1
4273,25,1829,0.393685394,119.9229087,3754.508388,1
4273,26,1432,0.695497475,108.5621508,3188.559293,1
4273,27,1280,0.264304558,120.7585938,3288.301062,1
4273,28,1706,0.366169319,113.9126612,3414.944714,1
4273,29,1247,0.718903399,111.4843625,3079.412605,1
4273,30,1792,0.45189438,115.8325893,3919.099589,1
4273,31,1155,0.400328179,116.6181818,3671.69827,1
4273,32,1003,0.447735344,117.4656032,3979.870622,1
4273,33,201,0.564862216,174.6069652,6703.381488,0
4273,34,1817,0.4716536,122.6978536,4594.135996,1
4273,35,408,0.974701545,181.3235294,5500.289772,0
4273,36,1553,0.875552662,126.3206697,3376.199796,1
4273,37,2736,0.439148597,119.7284357,3772.660543,1
4273,38,1354,0.522770829,118.7872969,4073.538855,1
4273,39,502,0.933988442,168.6832669,5191.130092,0
4273,40,260,0.891838421,175.2923077,6167.474608,0
4273,41,2586,0.506167972,110.7269915,3350.882883,1
4273,42,1258,0.340335966,119.700318,2936.291328,1
4273,43,1152,0.412147287,116.2890625,3162.483647,1
4273,44,1876,0.66901604,113.4482942,3678.646557,1
4273,45,1059,0.337567293,122.0509915,3340.066203,1
4273,46,464,0.933984372,167.012931,5559.822122,0
4273,47,1209,0.458033826,127.5889165,4624.216163,1
4273,48,166,0.891046722,162.060241,5573.048463,0
4273,49,369,0.970779353,172.4308943,5094.201257,0
4273,50,1594,0.638680053,119.3450439,4193.236944,1
4273,51,334,0.989976633,181.8353293,5836.86809,0
4273,52,1636,0.533249033,129.2726161,4829.058791,1
4273,53,494,0.965525862,172.1275304,5360.86908,0
4273,54,337,0.973928453,160.6557864,5302.927268,0
4273,55,542,0.911834951,169.1845018,5690.027153,0
4273,56,333,0.95243013,160.6576577,4553.554303,1
4273,57,1344,0.399617318,115.9434524,3593.262998,1
4273,58,1285,0.324851674,120.5159533,3611.810077,1
4273,59,1038,0.700461275,126.3930636,4565.459856,1
4273,60,1477,0.554043044,116.2193636,3785.826472,1
4273,61,1140,0.745315336,123.9359649,4320.862517,1
4273,62,1558,0.705300654,114.0834403,3211.943073,1
4273,63,1767,0.449128918,121.7062818,4029.226087,1
4273,64,1894,0.412003157,119.8975713,3685.248674,1
4273,65,505,0.892440464,216.8732673,10723.11488,0
4273,66,2069,0.405750259,121.8356694,3924.592561,1
4273,67,2945,0.444786592,119.2258065,4001.322834,1
4273,68,1275,0.594072446,112.8313725,3296.325684,1
4273,69,969,0.9510236,183.121775,6397.655228,0
4274,1,1704,0.377687634,171.1825117,6699.099689,1
4274,2,304,0.941510665,193.6118421,7125.738532,0
4274,3,1519,0.392522304,169.359447,6526.90114,1
4274,4,1377,0.460608019,162.2331155,6832.532352,1
4274,5,1598,0.363198778,163.4624531,6893.636139,1
4274,6,1364,0.396091693,161.3665689,6787.845999,1
4274,7,981,0.920261068,162.6941896,5065.876978,0
4274,8,1071,0.358930972,158.0112045,6749.640307,1
4274,9,1511,0.311808176,163.50364,5600.144009,1
4274,10,1457,0.497583939,156.6609472,6228.733549,1
4274,11,1274,0.355611388,155.3783359,5256.332049,1
4274,12,1223,0.381184402,161.7620605,6116.919373,1
4274,13,650,0.600752731,159.6153846,6805.464586,1
4274,14,1069,0.484758966,180.0233863,8710.967801,1
4274,15,1772,0.446659902,159.8306998,6378.381806,1
4274,16,1585,0.402806414,152.585489,6177.959486,1
4274,17,794,0.854109371,153.5239295,5180.664879,1
4274,18,1594,0.417125193,163.8713927,6813.496478,1
4274,19,1186,0.380974025,148.3802698,5658.6966,1
4274,20,917,0.836113868,141.2366412,4427.65788,1
4274,21,1712,0.538567445,146.5712617,5457.480386,1
4274,22,556,0.859068747,177.631295,6488.914489,1
4274,23,765,0.425739464,153.5660131,5755.067999,1
4274,24,704,0.66156007,140.6747159,4990.768584,1
4274,25,1655,0.307357657,152.792145,6216.312963,1
4274,26,1560,0.352325385,158.5525641,6706.948985,1
4274,27,1709,0.380078234,152.9467525,5077.476503,1
4274,28,2367,0.357843187,175.9024081,8466.814124,1
4274,29,1946,0.535365892,135.2970195,4898.375668,1
4274,30,1231,0.4614374,153.9236393,6258.119586,1
4274,31,1024,0.569432414,139.4414063,5062.303918,1
4274,32,844,0.50145198,137.8945498,5225.528214,1
4274,33,1419,0.543472421,145.888654,5613.674609,1
4274,34,2098,0.360477356,157.0309819,6601.259317,1
4274,35,1272,0.35987551,143.5904088,5452.850648,1
4274,36,1593,0.429596908,154.1845574,5667.546166,1
4274,37,1684,0.320805356,147.827791,5499.764824,1
4274,38,1542,0.366598951,132.9500649,4200.883103,1
4274,39,1625,0.349792811,146.5673846,6063.604522,1
4274,40,1564,0.343390104,136.1368286,4586.148898,1
4274,41,2676,0.330624967,144.185725,4240.333986,1
4274,42,2614,0.24262856,142.5210406,4837.611789,1
4274,43,404,0.943469297,165.0569307,5391.488488,0
4274,44,1262,0.635069115,134.2646593,5070.124485,1
4274,45,1187,0.519996311,136.1019377,5279.149816,1
4274,46,1343,0.494116529,135.534624,5130.307097,1
4274,47,2378,0.503486001,137.2830109,5127.348265,1
4274,48,1334,0.759472351,137.5577211,4716.474824,1
4274,49,1447,0.427628588,138.5107118,4877.713753,1
4274,50,1487,0.303413181,134.1297915,4912.52296,1
4274,51,1711,0.318537874,130.0052601,3561.546615,1
4274,52,1091,0.419493718,143.5187901,5634.961017,1
4274,53,780,0.573696673,140.6051282,5678.335352,1
4274,54,801,0.702041904,141.2309613,5192.789406,1
4274,55,1698,0.372368401,124.4452297,3939.378457,1
4274,56,2150,0.422780559,131.1488372,4586.853038,1
4274,57,1432,0.451956713,139.4713687,5293.505854,1
4274,58,1360,0.590201795,133.9536765,4736.137202,1
4274,59,2733,0.437853338,137.5016465,5335.430528,1
4274,60,1887,0.52408675,129.9533651,4498.562666,1
4274,61,1961,0.420696793,127.8164202,4441.236975,1
4274,62,2101,0.60363417,126.4221799,4241.574139,1
4274,63,2097,0.428226705,127.4577969,4143.545316,1
4274,64,2597,0.234720032,125.9437813,3351.130909,1
4274,65,835,0.498698401,128.2838323,4920.654086,1
4274,66,1109,0.641452202,121.5752931,4041.87304,1
4274,67,527,0.916342938,171.8709677,6424.961682,1
4274,68,1264,0.356309905,118.9367089,3695.409918,1
4275,1,1390,0.369163575,155.5654676,5349.310733,1
4275,2,1902,0.496623651,172.0031546,7910.823952,1
4275,3,1444,0.465019209,158.3926593,6637.043696,1
4275,4,1257,0.578660164,162.2251392,6769.050875,1
4275,5,245,1.022598414,210.5346939,7278.559454,0
4275,6,1128,0.509411375,159.3404255,6569.290711,1
4275,7,875,0.595256714,170.3462857,7179.769639,1
4275,8,1314,0.448747629,156.7929985,6117.0609,1
4275,9,1605,0.452865692,153.117134,5678.43266,1
4275,10,976,0.934391557,206.7213115,8282.953716,0
4275,11,1110,0.634517614,160.6171171,6745.455663,1
4275,12,1785,0.42979637,174.847619,7456.494486,1
4275,13,1241,0.773135831,142.5076551,5047.983553,1
4275,14,1484,0.371402232,163.5977089,5854.471737,1
4275,15,1945,0.395676273,159.4627249,6541.040012,1
4275,16,1213,0.584865358,154.1970322,6361.934716,1
4275,17,479,0.936208275,198.8830898,7278.386053,0
4275,18,1605,0.663096397,144.1788162,5276.343199,1
4275,19,1688,0.812880977,145.0450237,4654.709251,1
4275,20,1811,0.302355221,166.7321922,6550.376579,1
4275,21,1313,0.580086302,157.7159177,6467.164844,1
4275,22,1234,0.600833048,164.2576985,7094.074614,1
4275,23,335,0.869083299,190.0477612,7713.135211,0
4275,24,2098,0.307980977,146.2464252,5772.890228,1
4275,25,1160,0.491779521,141.3224138,5439.458845,1
4275,26,762,0.627839566,148.6338583,5913.647224,1
4275,27,2030,0.38342615,143.6940887,5044.803765,1
4275,28,787,0.720556292,160.6975858,6810.157384,1
4275,29,862,0.644527862,148.9269142,6162.962748,1
4275,30,1557,0.459055678,154.3937058,6146.229967,1
4275,31,1060,0.539786726,154.95,6349.730138,1
4275,32,740,0.735707057,156.0378378,5127.359225,1
4275,33,187,0.887527986,185.2192513,7406.519246,0
4275,34,1884,0.457084506,148.2457537,5511.332201,1
4275,35,1553,0.377466004,154.7933033,6538.384422,1
4275,36,1118,0.695522805,169.3175313,7592.867683,1
4275,37,208,0.935090469,198.1682692,7506.218953,0
4275,38,1005,0.58674916,165.0139303,7599.184393,1
4275,39,885,0.81167454,145.3875706,5284.292628,1
4275,40,1082,0.60249078,156.6432532,6382.705464,1
4275,41,484,0.932308988,189.3842975,7214.209967,1
4275,42,1495,0.526189295,164.6214047,7603.736768,1
4275,43,1355,0.63744085,131.1741697,4657.03572,1
4275,44,1322,0.632820511,130.9780635,4326.632019,1
4275,45,1457,0.671258028,134.5847632,4338.13176,1
4275,46,729,0.92086859,154.0562414,5098.621089,1
4275,47,2872,0.347020608,143.2597493,5530.330063,1
4275,48,1245,0.446066932,169.1863454,6886.343226,1
4275,49,1700,0.769583512,133.0529412,4276.790294,1
4275,50,979,0.75059756,160.5556691,6899.645154,1
4275,51,1038,0.559761903,135.0751445,5073.372138,1
4275,52,1928,0.412363882,157.2494813,6278.927593,1
4275,53,1055,0.521253055,134.8028436,4838.903307,1
4275,54,1860,0.420141693,153.7774194,6108.91943,1
4275,55,1093,0.863432543,207.5489478,9746.850125,1
4275,56,1783,0.221022829,146.4453169,4170.299616,1
4275,57,1718,0.334518133,147.1903376,5035.626763,1
4275,58,1988,0.443186662,150.9486922,5362.406849,1
4275,59,1644,0.489295913,149.9178832,5672.011649,1
4275,60,2139,0.376096204,149.5030388,6041.613924,1
4275,61,840,0.899548376,203.0095238,8523.271175,1
4275,62,1533,0.778599456,146.9641226,4915.430922,1
4275,63,2050,0.505342787,154.044878,5747.136943,1
4275,64,1376,0.48255108,126.2376453,4354.405172,1
4275,65,1311,0.573155919,124.511823,4262.512823,1
4275,66,1203,0.669496177,123.166251,4074.346673,1
4275,67,1118,0.549319509,125.3881932,4430.054839,1
4275,68,1713,0.410651431,134.7548161,5039.070993,1
4275,69,1544,0.59546498,148.984456,5860.198113,1
4275,70,1283,0.50709772,152.8059236,6128.674599,1
4275,71,1054,0.643751714,126.3377609,4415.760463,1
4275,72,1608,0.593511248,134.4291045,5244.840573,1
4275,73,1040,0.547434148,126.0451923,4445.795986,1
4275,74,1759,0.577022232,132.0090961,4628.699545,1
4275,75,795,0.468974299,135.5773585,5219.340688,1
4275,76,840,0.604346892,130.7142857,5128.316632,1
4275,77,2203,0.517285197,126.9128461,4295.538204,1
4275,78,777,0.588469209,145.2033462,6145.107675,1
4275,79,918,0.472230721,147.1143791,6141.609349,1
4275,80,927,0.575071321,109.8209277,2481.719151,1
4275,81,2499,0.373493825,137.6098439,5188.050373,1
4275,82,1287,0.547162085,119.8376068,3931.218231,1
4275,83,2540,0.514509464,142.311811,5263.006134,1
4275,84,1880,0.423936459,132.6515957,4857.189572,1
4275,85,893,0.854929979,144.7469205,5224.777437,1
4275,86,781,0.864177283,163.0857875,6608.509104,1
4275,87,1110,0.556867603,127.5657658,4432.435473,1
4275,88,526,0.586245279,126.6178707,4908.383162,1
4275,89,704,0.554367432,118.8451705,4043.869663,1
4275,90,393,0.72940504,117.0966921,3782.104184,1
4275,91,751,0.441016193,125.9347537,4078.650252,1
4277,1,1101,0.740273679,115.9019074,3743.402448,1
4277,2,1630,0.315120117,112.0282209,3778.710336,1
4277,3,349,0.950101091,169.286533,5545.291022,0
4277,4,981,0.699950188,112.3832824,3494.54476,1
4277,5,1092,0.46502733,116.5677656,3864.014179,1
4277,6,1770,0.376253648,115.8548023,3973.571052,1
4277,7,1172,0.705657448,114.7005119,3595.75493,1
4277,8,1262,0.576779274,110.9326466,3399.206223,1
4277,9,1444,0.614671927,113.0720222,3592.637945,1
4277,10,1262,0.431893652,117.2908082,3463.255102,1
4277,11,837,0.742443515,119.5005974,4315.276655,1
4277,12,1615,0.319818195,121.7665635,3392.860229,1
4277,13,1601,0.517902466,115.3778888,3719.620938,1
4277,14,1303,0.749743473,111.9869532,3349.740298,1
4277,15,1807,0.372516387,112.8500277,3382.307817,1
4277,16,1453,0.334573836,113.4920853,3901.281629,1
4277,17,1065,0.611672116,111.0253521,3327.742818,1
4277,18,1376,0.445278464,116.3263081,3857.879893,1
4277,19,1110,0.76979853,116.772973,3889.025986,1
4277,20,1340,0.430725759,111.4537313,3274.869616,1
4277,21,1282,0.575360302,118.6123245,4174.183237,1
4277,22,849,0.639586988,124.9305065,4627.065661,1
4277,23,1090,0.816796303,110.3330275,2575.979541,1
4277,24,943,0.610718912,126.0307529,4954.548169,1
4277,25,1498,0.372522477,115.6869159,3865.030754,1
4277,26,868,0.758961614,116.84447,4012.609064,1
4277,27,1034,0.730973012,116.2446809,3885.863497,1
4277,28,1163,0.417692231,109.5846948,3642.822763,1
4277,29,1358,0.658783424,109.9189985,3276.395961,1
4277,30,1576,0.3176832,115.3020305,3552.199561,1
4277,31,1680,0.586409267,116.9547619,3559.408175,1
4277,32,1261,0.637330779,109.4544013,3512.820735,1
4277,33,1971,0.242584019,124.1943176,3557.264533,1
4277,34,1669,0.526317489,111.7237867,3426.047591,1
4277,35,718,0.699186594,121.7924791,4638.660188,1
4277,36,2183,0.358484079,117.1003207,3792.55272,1
4277,37,1229,0.523981628,118.8633035,3902.111483,1
4277,38,1561,0.319913839,112.0960922,3153.497071,1
4277,39,1206,0.391887403,114.4792703,3218.841432,1
4277,40,1193,0.481962258,114.8264878,3774.543722,1
4277,41,1596,0.440956065,110.6002506,3490.120289,1
4277,42,1177,0.366609844,117.4299065,3896.184212,1
4277,43,1828,0.424612759,113.6094092,3265.543345,1
4277,44,435,0.956486273,164.0988506,5509.875142,0
4277,45,1155,0.661137321,118.2588745,3840.552051,1
4277,46,1138,0.442241842,114.7170475,3853.040159,1
4277,47,667,0.871256245,129.5922039,4579.052927,1
4277,48,1034,0.665408291,119.532882,4010.695498,1
4277,49,640,0.599332858,136.8765625,5669.218217,1
4277,50,1848,0.498557054,124.0562771,4578.738927,1
4277,51,1731,0.403559653,112.1380705,3717.387582,1
4277,52,1651,0.577256096,115.9769836,3742.103309,1
4277,53,438,0.94583193,205.9474886,6323.647638,1
4277,54,1178,0.404169278,108.2580645,2895.598068,1
4277,55,1032,0.846970976,181.2965116,7661.84841,1
4277,56,1451,0.523608448,116.8463129,3921.552094,1
4277,57,1095,0.521033416,113.1159817,3718.726228,1
4277,58,1489,0.396989216,112.8623237,3188.891982,1
4277,59,1975,0.444601302,110.3301266,3378.587374,1
4277,60,1200,0.647830089,113.8466667,3603.59697,1
4277,61,329,0.957844599,184.5957447,6125.559048,0
4277,62,1808,0.489320517,121.9446903,4294.910045,1
4277,63,1398,0.752327191,113.8898426,3041.814647,1
4277,64,1262,0.808158848,113.2789223,2625.74798,1
4277,65,961,0.808370284,117.2653486,3471.597307,1
4277,66,1382,0.389419432,114.0086831,3159.704465,1
4277,67,1502,0.585546897,117.0672437,3873.338592,1
4277,68,907,0.720413618,116.6879824,3937.114154,1
4277,69,915,0.766629349,116.7442623,3777.320324,1
4277,70,408,0.968212348,150.7867647,4747.81929,0
4277,71,1655,0.509355851,117.1558912,3757.42302,1
4277,72,399,0.968787003,160.4987469,4833.491544,0
4277,73,1458,0.656992959,114.563786,3578.600421,1
4277,74,1410,0.57231358,118.0397163,3956.333948,1
4277,75,1194,0.392677118,123.6407035,4727.718696,1
4277,76,261,0.965489667,193.3754789,7128.489834,0
4277,77,2091,0.398339668,108.0994739,3135.101194,1
4277,78,2200,0.326124121,121.2581818,4035.060492,1
4277,79,1026,0.346150798,118.7826511,3786.209349,1
4277,80,841,0.704628724,121.8870392,4536.543273,1
4277,81,521,0.923827498,180.8848369,6211.144224,0
4277,82,1014,0.866067086,165.1863905,6945.496964,1
4277,83,1567,0.586475289,109.9087428,3307.717401,1
4277,84,278,0.917710419,179.1510791,6420.064691,0
4277,85,400,0.971215041,185.095,6078.577341,0
4277,86,264,0.930866012,182.5,6934.655556,0
4277,87,337,0.973928453,157.8961424,4820.702474,0
4277,88,343,0.956961758,178.4693878,6089.256236,0
4277,89,1139,0.392364604,121.6496927,4254.260797,1
4277,90,1234,0.399182788,118.595624,4033.548324,1
4277,91,412,0.968548682,177.5800971,5025.723949,0
4277,92,542,0.942424805,167.1088561,5290.585014,0
4277,93,1329,0.452250842,118.4469526,4107.557552,1
4277,94,928,0.379244991,102.6950431,2951.294067,1
4278,1,1235,0.340214379,154.7165992,5884.346372,1
4278,2,1173,0.378517543,161.7928389,7106.24144,1
4278,3,1928,0.374709885,150.1618257,5405.106404,1
4278,4,1859,0.540140341,155.4744486,6307.068689,1
4278,5,1763,0.433342887,150.7935337,5464.578579,1
4278,6,1135,0.531901068,149.5585903,6087.084935,1
4278,7,828,0.845834838,132.0422705,3860.32346,1
4278,8,1369,0.477644121,143.7669832,5695.302025,1
4278,9,819,0.713226954,156.5689866,6731.802212,1
4278,10,1368,0.530191113,146.3472222,5624.560534,1
4278,11,782,0.55306905,170.0089514,7583.218537,1
4278,12,557,0.949903228,188.8635548,6596.55769,0
4278,13,973,0.614800576,139.5498458,5166.521266,1
4278,14,1073,0.674980332,149.9869525,5871.872263,1
4278,15,1867,0.49760665,147.5581146,5654.853083,1
4278,16,1121,0.425633742,147.0767172,5698.81132,1
4278,17,202,0.967826143,187.8267327,6101.546982,0
4278,18,662,0.896564805,144.6480363,5283.380117,1
4278,19,1661,0.667038821,146.5081276,5743.275069,1
4278,20,573,0.882551126,170.7120419,7105.921481,1
4278,21,1055,0.690036577,157.7545024,6762.521766,1
4278,22,1995,0.453042892,142.6481203,5378.900504,1
4278,23,958,0.571367309,152.0563674,6167.996401,1
4278,24,1391,0.409151014,139.3112868,4552.700333,1
4278,25,1301,0.430155911,163.6195234,7258.897531,1
4278,26,1568,0.247949995,140.2359694,4651.831828,1
4278,27,2567,0.387759586,138.9115699,4826.290671,1
4278,28,2101,0.477811082,143.973346,5670.545992,1
4278,29,299,0.926025292,162.8662207,5468.877432,0
4278,30,268,0.944970043,186.0298507,6906.988765,0
4278,31,1555,0.334019856,136.4784566,4081.559439,1
4278,32,1625,0.59557751,131.1593846,4675.354048,1
4278,33,472,0.95594984,150.4894068,4967.030606,1
4278,34,481,0.934453311,151.2765073,5382.098471,1
4278,35,1954,0.615972643,134.7461617,4816.980077,1
4278,36,1430,0.760859004,140.8461538,5166.440311,1
4278,37,1011,0.654758028,133.0306627,4829.828396,1
4278,38,1394,0.584657212,136.0946915,5186.598036,1
4278,39,1007,0.801199279,126.4409136,4189.105087,1
4278,40,1315,0.492700522,118.3155894,3720.962472,1
4278,41,1005,0.571845682,123.6348259,4278.543077,1
4278,42,1141,0.51954849,122.6844873,4226.25682,1
4278,43,1270,0.565286934,127.4244094,4774.271823,1
4278,44,1340,0.539248661,125.6731343,4610.208249,1
4278,45,1682,0.565215386,126.4922711,4220.777872,1
4278,46,1860,0.451285951,125.4564516,4353.6739,1
4278,47,1729,0.455943946,126.308849,4298.675153,1
4278,48,1057,0.494311134,128.1173132,4686.377079,1
4278,49,962,0.619965725,132.8232848,5090.21697,1
4278,50,900,0.575999085,128.2822222,4583.560974,1
4278,51,980,0.700736882,124.2887755,4060.259297,1
4278,52,1361,0.639476743,130.334313,4723.674966,1
4278,53,726,0.736518648,133.1115702,4956.450741,1
4278,54,1006,0.503148674,153.1322068,6205.52798,1
4278,55,1521,0.489433491,122.4391847,3937.053857,1
4278,56,1460,0.442242682,134.2410959,4989.690479,1
4278,57,1559,0.359872677,130.2777421,3781.682062,1
4278,58,1769,0.361832239,123.6546071,3879.159373,1
4278,59,1734,0.544846115,119.038639,3635.858682,1
4278,60,1774,0.471073641,128.9565953,4767.527903,1
4278,61,2199,0.315252087,128.746703,4760.090309,1
4278,62,1541,0.448177174,143.1077223,5487.218209,1
4278,63,1680,0.347465744,134.4297619,4206.263789,1
4278,64,1196,0.538552692,116.2307692,4291.375347,1
4278,65,1643,0.398490121,131.7261108,4462.051913,1
4278,66,1230,0.494748841,117.904878,3948.284542,1
4278,67,1633,0.397904789,119.5150031,4191.132387,1
4278,68,1936,0.597867484,116.9710744,3660.296015,1
4278,69,515,0.939146438,176.7339806,5850.266291,0
4279,1,1371,0.510248469,159.1188913,6816.167148,1
4279,2,845,0.61051153,160.9455621,6820.505516,1
4279,3,1525,0.372948225,152.2072131,5809.383352,1
4279,4,655,0.829755435,179.0122137,7065.1789,1
4279,5,1378,0.497579557,159.8599419,6812.918728,1
4279,6,1600,0.361667503,156.77625,6581.967754,1
4279,7,1152,0.896781958,154.234375,4881.782919,1
4279,8,2356,0.409342678,161.0793718,6040.384425,1
4279,9,416,0.977952068,157.9735577,5003.551583,1
4279,10,1111,0.620297746,140.4536454,5355.515721,1
4279,11,1531,0.496270124,145.9131287,5640.701341,1
4279,12,548,0.853188391,189.6478102,8411.04786,1
4279,13,1036,0.682379103,144.9903475,5506.691322,1
4279,14,1025,0.70261245,152.6721951,5910.809671,1
4279,15,757,0.663084194,161.5548217,6924.320171,1
4279,16,1108,0.324533452,162.5631769,6236.587127,1
4279,17,952,0.589747049,149.5777311,5278.11612,1
4279,18,2006,0.579091602,175.8115653,6548.042727,1
4279,19,1022,0.476773222,178.6360078,8265.10366,1
4279,20,1138,0.708025815,146.1959578,4956.563619,1
4279,21,1209,0.499694906,156.3970223,6435.579629,1
4279,22,798,0.677739371,162.3446115,7053.075572,1
4279,23,263,0.916770556,210.1026616,8128.297707,1
4279,24,847,0.687032989,159.4557261,6793.551446,1
4279,25,1817,0.458999907,149.2124381,5583.414059,1
4279,26,1463,0.808642671,161.6671224,6045.547245,1
4279,27,478,0.902150404,185.4707113,6904.691984,0
4279,28,1762,0.530294456,154.7570942,6401.407423,1
4279,29,1523,0.47373937,166.5528562,7191.166346,1
4279,30,2548,0.542981065,159.8661695,6648.607356,1
4279,31,1562,0.406311831,138.6472471,5251.144085,1
4279,32,1120,0.598587659,142.9544643,5773.281309,1
4279,33,1129,0.389909844,165.6678477,6770.025192,1
4279,34,1127,0.492129329,157.9440994,6564.435422,1
4279,35,1225,0.525858635,151.3918367,6104.185074,1
4279,36,1231,0.399433493,154.4630382,5715.162906,1
4279,37,1369,0.53404773,147.9919649,5794.801099,1
4279,38,1156,0.424932526,145.7906574,5202.498633,1
4279,39,1076,0.390858745,144.1747212,5116.159257,1
4279,40,1020,0.58307024,150.4872549,6031.89461,1
4279,41,789,0.393441462,163.7718631,6641.072814,1
4279,42,263,0.95362294,150.9543726,4404.609769,0
4279,43,1298,0.514836344,165.0670262,7041.540934,1
4279,44,894,0.523377218,156.1051454,6503.619683,1
4279,45,1332,0.363482305,123.1396396,3419.410703,1
4279,46,373,0.981302707,196.1474531,6389.895326,0
4279,47,1417,0.514009089,123.9096683,4202.596826,1
4279,48,1097,0.514577778,129.7128532,4814.281389,1
4279,49,1314,0.390855571,133.7001522,5058.357676,1
4279,50,1429,0.376566524,119.5178446,3894.240554,1
4279,51,1394,0.640027956,129.3888092,4501.436213,1
4279,52,1308,0.315498181,142.2966361,4657.622138,1
4279,53,1744,0.650577627,124.850344,3876.034284,1
4279,54,1334,0.448740598,149.7908546,5516.161886,1
4279,55,1064,0.40924538,122.5018797,4209.216663,1
4279,56,687,0.834030916,142.1135371,5012.478503,1
4279,57,328,0.915112118,190.9146341,7556.462397,0
4279,58,879,0.841526822,129.4698521,3820.34902,1
4279,59,539,0.950259054,159.419295,5172.747739,0
4279,60,670,0.448889601,148.0746269,5371.875278,1
4279,61,971,0.593746892,129.8547889,3807.799154,1
4279,62,1582,0.686543559,125.0372946,4375.564362,1
4279,63,1016,0.486983744,137.2204724,5045.364434,1
4279,64,679,0.54140415,151.9116348,6295.4399,1
4279,65,1491,0.467964665,147.4399732,5937.257351,1
4279,66,791,0.766037042,128.437421,4393.977905,1
4279,67,806,0.449406647,150.1885856,6144.642705,1
4279,68,1653,0.607624105,117.3744707,3686.383436,1
4279,69,1594,0.350860704,124.9918444,3648.339171,1
4279,70,1672,0.501870527,123.3032297,4318.911415,1
4279,71,1979,0.476681847,124.6220313,4170.771251,1
4279,72,440,0.924021236,157.7022727,4898.717184,0
4279,73,280,0.99535682,199.4857143,6332.155571,0
4279,74,1447,0.620427979,153.2170007,6460.659073,1
4279,75,237,0.989207445,186.7299578,6562.378369,0
4279,76,289,0.999308718,188.366782,5959.880833,0
4281,1,496,0.474854725,107.2943548,3158.551601,1
4281,2,1868,0.357107297,113.6547109,3175.997909,1
4281,3,432,0.935338334,154.4699074,5104.289999,0
4281,4,176,0.992191712,178.5056818,6071.600426,0
4281,5,2011,0.45589686,108.5589259,3166.102138,1
4281,6,918,0.683089791,113.5533769,3929.875651,1
4281,7,78,0.673743293,178.8333333,9067.083264,0
4281,8,812,0.584516271,108.7536946,3553.659514,1
4281,9,420,0.944081724,170.5166667,5502.518034,0
4281,10,979,0.589113194,133.2124617,5254.783096,1
4281,11,907,0.840240549,114.1984564,3491.705048,1
4281,12,1492,0.479097017,107.9825737,3109.136521,1
4281,13,339,0.945801854,143.5811209,4264.525847,0
4281,14,1705,0.257718391,122.5366569,3369.775348,1
4281,15,1092,0.389401953,118.6272894,3717.594631,1
4281,16,1476,0.548726153,106.6957995,3032.987052,1
4281,17,954,0.549148356,135.2494759,5389.59589,1
4281,18,1089,0.698374967,100.0192837,2346.048934,1
4281,19,755,0.412375704,121.5417219,3875.79654,1
4281,20,958,0.922677697,176.3298539,6995.139443,0
4281,21,1256,0.651269815,115.7085987,3928.57727,1
4281,22,1128,0.423292679,118.3625887,4040.233744,1
4281,23,1251,0.486605644,118.2885691,4238.597508,1
4281,24,1440,0.322096713,117.98125,4135.390919,1
4281,25,1081,0.453163952,129.1267345,4478.572436,1
4281,26,269,0.967387731,179.6951673,6687.225512,0
4281,27,1040,0.417652242,118.2480769,3649.285086,1
4281,28,270,0.998782414,153.7148148,4679.953772,0
4281,29,172,1.05732318,163.3546512,5179.429501,0
4281,30,1959,0.237208351,112.7192445,2517.323071,1
4281,31,387,0.93334403,170.1317829,6326.373405,0
4281,32,342,0.954171782,191.5526316,6566.758626,0
4281,33,1189,0.352495764,132.9100084,5087.559523,1
4281,34,289,0.911746719,142.5709343,4529.833326,0
4281,35,1083,0.286195195,115.1652816,3971.114369,1
4281,36,1177,0.835841243,113.8453696,3559.548888,1
4281,37,1349,0.576492545,117.4062268,3957.597351,1
4281,38,1129,0.48247597,116.6324181,3857.532651,1
4281,39,1056,0.446645388,112.3929924,3943.202616,1
4281,40,1058,0.475267563,121.1531191,4695.398849,1
4281,41,1099,0.549662418,114.4904459,3696.886082,1
4281,42,1447,0.509070579,105.4505874,3050.665098,1
4281,43,269,0.956253517,197.7657993,6866.288166,0
4281,44,960,0.611400892,115.8510417,4013.898793,1
4281,45,1573,0.465240706,121.7463446,4250.361879,1
4281,46,3530,0.485760033,116.8495751,3492.161947,1
4281,47,1574,0.396541803,126.9339263,4248.929155,1
4281,48,1921,0.613473839,121.9344092,3961.201094,1
4281,49,1182,0.608312201,115.9407783,3798.001968,1
4281,50,528,0.957248883,171.6931818,5975.867339,0
4281,51,888,0.833019193,119.5067568,3633.256259,1
4281,52,180,0.882492104,188.8222222,7221.576089,0
4281,53,960,0.668239011,122.3697917,4363.42289,1
4281,54,448,0.95523419,164.5401786,5056.61052,0
4281,55,1267,0.376938441,123.3701657,3543.576698,1
4281,56,902,0.627809262,123.7217295,4567.859244,1
4281,57,749,0.488432576,126.2389853,4594.529034,1
4281,58,1082,0.472807214,115.6441774,3701.019601,1
4281,59,494,0.95157157,151.3198381,4309.75415,0
4281,60,1266,0.434094766,111.0963665,3415.809222,1
4281,61,1505,0.503207973,108.9568106,3285.058691,1
4281,62,1405,0.523069912,115.2035587,3787.732469,1
4281,63,239,0.866600314,148.2761506,4844.165586,0
4281,64,596,0.957838231,167.8506711,5165.090344,0
4281,65,313,0.969384336,175.086262,5721.284975,0
4281,66,1215,0.719825331,120.4954733,4149.79427,1
4281,67,713,0.633651261,114.799439,3711.772928,1
4281,68,693,0.807622761,115.1746032,3495.818154,1
4281,69,1251,0.741153489,115.1622702,3384.79473,1
4281,70,296,0.977130518,169.7972973,5337.514958,0
4281,71,1330,0.409500005,137.1135338,5470.244346,1
4281,72,1130,0.64420245,115.4238938,3949.396737,1
4281,73,901,0.754899501,117.7147614,4066.636518,1
4281,74,565,0.932565444,177.4867257,6269.391289,0
4281,75,1825,0.334108015,114.6641096,3742.027836,1
4281,76,1284,0.503443223,133.1035826,5250.208241,1
4281,77,1757,0.428720793,117.5776892,3948.430664,1
4281,78,2030,0.243510177,124.8502463,4112.432046,1
4281,79,260,0.969848733,172.65,5445.593536,0
4281,80,208,0.965097984,183.5865385,5864.269958,0
4281,81,1174,0.759226391,129.7010221,4592.625865,1
4281,82,992,0.698736069,166.797379,7453.047297,1
4281,83,1949,0.437476649,119.1390457,4061.55875,1
4281,84,369,0.963998663,181.5230352,6456.250854,0
4281,85,358,0.981601003,181.8659218,5501.850227,0
4281,86,255,0.943294502,157.345098,4719.605958,0
4281,87,1547,0.47130253,115.3083387,3998.611196,1
4281,88,2263,0.453003025,114.4463102,3468.51094,1
4282,1,1281,0.456053371,137.5230289,5201.538025,1
4282,2,1528,0.811939451,142.1884817,4715.903219,1
4282,3,1495,0.806648048,134.9371237,4165.707001,1
4282,4,1229,0.494909277,143.9170057,5216.895866,1
4282,5,1621,0.707497999,151.3849476,5750.135981,1
4282,6,1409,0.564289371,147.251242,5872.640229,1
4282,7,4481,0.921953396,141.3311761,3158.684513,2
4282,8,319,0.962761653,193.6238245,7272.437856,0
4282,9,874,0.74605457,144.1887872,5704.806729,1
4282,10,2458,0.433488122,141.5480065,5163.641971,1
4282,11,1103,0.636393938,139.7488667,5313.294362,1
4282,12,1677,0.481352806,139.8449612,5174.845387,1
4282,13,1142,0.421538954,133.8598949,4782.279834,1
4282,14,1878,0.430230737,138.6277955,5269.9128,1
4282,15,1008,0.52990042,131.0615079,4642.288806,1
4282,16,973,0.894554574,126.0688592,3197.870743,1
4282,17,935,0.76824447,127.486631,3919.825367,1
4282,18,2059,0.436603614,133.1413307,4811.345666,1
4282,19,1267,0.756400594,147.9352802,5009.472288,1
4282,20,1480,0.406353058,131.8182432,4253.201039,1
4282,21,1499,0.486599684,129.3989326,4616.538099,1
4282,22,1967,0.562744815,132.9944077,4596.08335,1
4282,23,682,0.81850828,131.0806452,4657.574328,1
4282,24,942,0.355400498,125.611465,4379.679666,1
4282,25,1424,0.697914394,123.6404494,3923.899907,1
4282,26,907,0.604642183,121.536935,4165.160973,1
4282,27,934,0.766541561,121.4057816,3738.736404,1
4282,28,2056,0.330912964,124.7261673,4152.09391,1
4282,29,1404,0.50478985,123.2193732,4156.208533,1
4282,30,1934,0.510610941,126.697001,4278.240985,1
4282,31,1470,0.645278542,127.8088435,4169.640619,1
4282,32,1252,0.351115052,118.1884984,3520.298026,1
4282,33,1244,0.333794329,125.272508,4017.744556,1
4282,34,764,0.872380498,136.2041885,3465.455158,1
4282,35,1106,0.403551723,132.2540687,4266.577867,1
4282,36,1381,0.491405026,117.9312093,3792.993952,1
4282,37,1305,0.606257823,125.6383142,4119.625821,1
4282,38,1020,0.371936448,141.9764706,5382.897227,1
4282,39,1752,0.257625084,129.8727169,2987.969678,1
4282,40,1983,0.235721699,119.3555219,3042.73079,1
4282,41,1130,0.425832076,122.1654867,3958.516012,1
4282,42,1127,0.526401278,122.6291038,4059.695738,1
4282,43,1454,0.489019806,117.977304,3851.814375,1
4282,44,1529,0.347045603,130.1621975,5059.894102,1
4282,45,627,0.584706881,118.7304625,4075.432807,1
4282,46,854,0.762066413,126.1206089,4307.200033,1
4282,47,964,0.522082796,122.8547718,4537.877358,1
4282,48,1011,0.801737171,112.5647873,3252.961367,1
4282,49,196,0.655165116,143.0714286,4310.383885,1
4282,50,960,0.55154046,128.10625,4697.152316,1
4282,51,1526,0.49739488,118.4285714,3683.581909,1
4282,52,1137,0.433739681,129.7915567,5018.817838,1
4282,53,1581,0.430387493,124.8159393,4239.110781,1
4282,54,724,0.773888331,132.9972376,4670.46625,1
4282,55,1363,0.627410978,118.8187821,3601.972236,1
4282,56,1522,0.517386262,122.3199737,4200.073637,1
4282,57,451,0.953091519,187.9933481,6322.704549,1
4282,58,523,0.973059672,175.4913958,5761.494144,1
4282,59,894,0.726815443,126.2427293,4371.177179,1
4282,60,869,0.547296918,131.9505178,5073.193969,1
4282,61,815,0.740048731,121.0417178,4109.264538,1
4282,62,1168,0.399478566,111.6780822,3615.378978,1
4282,63,860,0.692631373,120.3151163,4163.367159,1
4282,64,675,0.499949269,128.7155556,5075.227052,1
4282,65,1373,0.453300397,119.5455208,4167.619813,1
4282,66,1963,0.243951512,119.9266429,2470.916465,1
4282,67,657,0.572826682,131.2724505,5132.509124,1
4282,68,978,0.625656104,127.200409,4930.153625,1
4282,69,742,0.741668265,121.9150943,4371.698652,1
4282,70,1628,0.429377691,130.504914,4343.24654,1
4282,71,871,0.584413927,118.7405281,4141.503052,1
4282,72,1074,0.565331034,118.9953445,4168.293761,1
4282,73,1220,0.471219884,121.6081967,3910.012499,1
4282,74,1088,0.581801024,116.6148897,4119.888073,1
4282,75,2070,0.399162082,114.0975845,3414.705636,1
4282,76,2052,0.611572802,115.5896686,3508.4751,1
4282,77,1909,0.426807961,121.1241488,3681.706595,1
4282,78,743,0.943136519,152.2624495,4560.960285,0
4282,79,1588,0.486113707,111.8438287,3358.713506,1
4282,80,1377,0.358748977,122.8634713,3790.803877,1
4283,1,1796,0.656320419,137.4938753,4859.074256,1
4283,2,1760,0.557557744,145.3482955,5737.78735,1
4283,3,2226,0.485608959,133.1675651,4488.534369,1
4283,4,1723,0.447662131,148.8171793,5987.557249,1
4283,5,1718,0.469673155,136.5558789,4805.877159,1
4283,6,1634,0.481289134,133.6523868,4491.423075,1
4283,7,1793,0.375872999,154.459565,5303.197057,1
4283,8,840,0.896705617,165.7464286,5762.705234,1
4283,9,619,0.846839837,165.2455574,6533.24722,1
4283,10,1643,0.439053359,157.7261108,6479.54515,1
4283,11,1737,0.490965393,159.4369603,6643.693207,1
4283,12,1682,0.42256259,149.9007134,5544.313905,1
4283,13,1332,0.66248323,128.9857357,4451.150601,1
4283,14,1010,0.674702312,156.0950495,6024.987553,1
4283,15,1463,0.397430654,159.8086124,5652.313723,1
4283,16,984,0.62912069,147.0792683,5918.681478,1
4283,17,1202,0.386228599,164.1430948,6263.658892,1
4283,18,1153,0.642529283,146.0633131,5794.020788,1
4283,19,1065,0.395192518,134.3680751,4902.836805,1
4283,20,799,0.420803541,144.9123905,5756.147273,1
4283,21,1627,0.716248891,131.7688998,4017.234684,1
4283,22,1056,0.631927056,119.9649621,3710.381437,1
4283,23,1310,0.434660407,139.1992366,5018.940257,1
4283,24,1502,0.508925384,138.5359521,5148.333688,1
4283,25,1928,0.681788445,150.0140041,5698.91035,1
4283,26,186,0.888698467,180.2096774,7691.494147,0
4283,27,920,0.443039395,136.6347826,4856.925123,1
4283,28,744,0.471012734,131.3723118,4787.566818,1
4283,29,1330,0.584763402,142.9917293,5273.144016,1
4283,30,838,0.514283045,126.1849642,4291.353935,1
4283,31,785,0.773751883,148.0267516,5624.182082,1
4283,32,980,0.678628188,153.8418367,6020.433896,1
4283,33,577,0.835563757,139.3362218,5436.598737,1
4283,34,715,0.719610804,143.8839161,5676.186456,1
4283,35,593,0.726830303,148.6256324,5547.326399,1
4283,36,1106,0.284684572,143.3652803,5116.449645,1
4283,37,1519,0.436420896,146.1928901,5433.930718,1
4283,38,431,0.871338829,179.7842227,7969.839485,1
4283,39,587,0.84563392,130.3935264,4698.204322,1
4283,40,1077,0.393021993,134.7845868,4885.512991,1
4283,41,801,0.708961628,140.2484395,5299.39075,1
4283,42,1413,0.309089276,130.6178344,4526.023894,1
4283,43,1327,0.591658652,134.7558402,4663.324647,1
4283,44,1333,0.447008458,140.3668417,5444.957034,1
4283,45,1143,0.54158367,163.6412948,7281.266821,1
4283,46,614,0.909948582,166.9837134,6420.668163,1
4283,47,537,0.829712081,132.1098696,4680.764066,1
4283,48,1485,0.502486917,133.3723906,5084.606757,1
4283,49,1191,0.444287818,142.7321579,5544.798231,1
4283,50,1310,0.544243397,136.3244275,5326.694459,1
4283,51,1365,0.433351335,122.8380952,4062.16908,1
4283,52,1274,0.493759853,120.4913658,3907.09262,1
4283,53,1127,0.409514194,131.9875776,4209.117557,1
4283,54,1967,0.47988939,133.2907982,5113.721449,1
4283,55,206,0.777585704,211.6165049,9488.569821,0
4283,56,1738,0.617116432,131.8785961,4404.93775,1
4283,57,1727,0.344210806,115.8911407,4012.141104,1
4283,58,1578,0.500467423,145.121673,5146.830901,1
4283,59,1613,0.586372881,140.5257285,5366.900577,1
4283,60,1416,0.501266957,130.5035311,4621.477929,1
4283,61,927,0.557047086,145.3721683,5796.768892,1
4283,62,835,0.665791554,137.5197605,5452.892994,1
4283,63,1435,0.470254214,132.5268293,4813.968673,1
4283,64,1870,0.498406232,115.226738,3708.013049,1
4283,65,768,0.872804088,151.9101563,5344.116542,1
4283,66,1039,0.512968985,136.0288739,5054.135835,1
4283,67,2211,0.292759515,126.0936228,4515.856184,1
4283,68,1304,0.432223043,116.4800613,3961.326104,1
4283,69,1187,0.450195791,122.8609941,4447.932236,1
4283,70,752,0.954560784,167.5505319,5422.789892,0
4283,71,1249,0.511356912,121.8630905,4255.251505,1
4283,72,233,0.972511961,165.832618,5327.949304,0
4285,1,1301,0.666572238,123.4450423,4319.71432,1
4285,2,696,0.758375612,119.545977,4215.029727,1
4285,3,724,0.473056476,103.8812155,3006.906002,1
4285,4,272,0.791895839,135.4522059,4791.228363,1
4285,5,1398,0.78455591,116.4871245,3374.854977,1
4285,6,1201,0.398494006,111.6261449,3908.475683,1
4285,7,1422,0.435909681,118.4043601,4341.375612,1
4285,8,1581,0.436325517,115.4364326,3392.004434,1
4285,9,827,0.771216252,127.5066505,4822.389186,1
4285,10,2120,0.640148801,115.4533019,3865.837785,1
4285,11,884,0.119146099,104.0531674,871.4753716,2
4285,12,1747,0.50076448,110.9725243,3416.403071,1
4285,13,1790,0.38657612,117.7346369,3310.845263,1
4285,14,1101,0.684604506,111.6457766,3539.863801,1
4285,15,1506,0.457078079,114.1142098,3712.226178,1
4285,16,1273,0.498174899,108.5082482,3284.695459,1
4285,17,1556,0.466213942,153.7403599,6698.009809,1
4285,18,647,0.900648764,140.1545595,4018.027874,0
4285,19,1201,0.310465654,106.7327227,2876.506092,1
4285,20,1337,0.504393546,123.459985,4450.661419,1
4285,21,1250,0.244598817,115.1424,3247.842977,1
4285,22,1191,0.457795004,110.8656591,3635.547968,1
4285,23,1493,0.344691567,118.7488279,4033.977453,1
4285,24,1477,0.446950885,115.0778605,3935.922851,1
4285,25,467,0.926238127,142.130621,4311.303788,0
4285,26,1760,0.534696347,112.5602273,3448.06561,1
4285,27,979,0.406230318,121.0643514,4171.096325,1
4285,28,211,0.988211123,194.2037915,5638.866684,0
4285,29,1070,0.413580906,114.9093458,3397.600422,1
4285,30,443,0.944573094,166.7810384,5337.394311,0
4285,31,388,0.942078589,167.2835052,5459.38807,0
4285,32,317,0.971279817,134.5205047,3381.207555,0
4285,33,287,0.973384293,167.9268293,5088.227822,0
4285,34,664,0.111058459,98.93524096,688.6763478,2
4285,35,1059,0.439425849,109.9697828,3442.675465,1
4285,36,986,0.599348294,110.811359,3490.189242,1
4285,37,383,0.929938401,169.7258486,5675.470344,0
4285,38,334,0.948334612,168.497006,5546.264098,0
4285,39,236,0.993803531,178.8644068,5259.578511,0
4285,40,1020,0.309340132,126.2156863,3358.531723,1
4285,41,1337,0.424964953,121.4659686,3560.358601,1
4285,42,955,0.718650095,113.5664921,3815.641192,1
4285,43,672,0.678057418,140.5952381,5712.104399,1
4285,44,1268,0.346745713,119.9503155,4333.941547,1
4285,45,413,0.964487177,162.6513317,5070.797503,0
4285,46,226,0.981228288,140.1327434,3357.686797,0
4285,47,617,0.891563584,154.7811994,5475.341163,1
4285,48,998,0.637803724,116.6673347,3965.651022,1
4285,49,2327,0.700825201,123.1486893,4214.557861,1
4285,50,1069,0.51892605,117.9120674,3913.63149,1
4285,51,923,0.51967041,128.2806067,4904.297906,1
4285,52,1413,0.688701605,115.836518,3495.919524,1
4285,53,869,0.92062054,148.2807825,4341.551079,1
4285,54,1933,0.283483904,122.5923435,4132.278918,1
4285,55,1836,0.885253749,118.4264706,3123.393059,1
4285,56,873,0.878629695,119.5337915,3750.196881,1
4285,57,1104,0.475263724,114.2644928,3779.182668,1
4285,58,1085,0.550068991,119.3953917,4295.760104,1
4285,59,258,0.88705999,181.5465116,6508.03442,1
4285,60,968,0.515322171,121.9121901,4470.864749,1
4285,61,701,0.931334065,164.6833096,5339.810433,0
4285,62,1556,0.655512651,118.2821337,3873.204309,1
4285,63,1589,0.596287293,111.3486469,3456.542804,1
4285,64,1272,0.811266691,119.3490566,3624.427392,1
4285,65,1449,0.576219788,119.2215321,4021.273559,1
4285,66,1607,0.501371233,120.9097698,4005.0298,1
4285,67,2044,0.419722787,117.6037182,3826.290696,1
4285,68,827,0.868369957,185.7448609,8429.825349,1
4285,69,1264,0.348395266,120.1495253,3331.961534,1
4285,70,1649,0.3617486,115.4802911,3832.518242,1
4285,71,1349,0.373519647,119.2638992,3776.993231,1
4285,72,1465,0.450060977,119.3324232,3794.1752,1
4285,73,293,0.874961445,165.8737201,5159.143984,0
4285,74,1818,0.264008099,123.4917492,4562.449213,1
4285,75,1634,0.47837849,117.2796818,3652.375367,1
4285,76,1407,0.626266706,121.7981521,4115.585583,1
4285,77,1469,0.540231034,125.7603812,4716.303564,1
4285,78,1555,0.761162784,117.9601286,3305.596013,1
4285,79,1587,0.330672591,109.1934468,3557.135578,1
4285,80,1299,0.344715353,108.8090839,3499.638334,1
4285,81,1515,0.523218259,115.5960396,3739.720193,1
4285,82,812,0.541311414,117.1243842,4122.052388,1
4285,83,1597,0.671679159,117.4402004,3931.138418,1
4285,84,538,0.801535057,138.4442379,5595.542016,1
4285,85,616,0.746791914,135.5162338,5610.729969,1
4285,86,1279,0.51990881,121.2689601,4013.220816,1
4285,87,928,0.507818365,120.6530172,4648.323799,1
4285,88,554,0.944787052,134.101083,4590.615687,0
4285,89,206,0.926099215,192.868932,7219.447326,0
4285,90,1074,0.576137013,118.5018622,4185.798522,1
4285,91,287,0.786925944,168,6368.764463,0
4285,92,1033,0.864076397,118.7434656,3383.75691,1
4285,93,943,0.788793845,132.6511135,5029.017499,1
4285,94,734,0.732901975,108.8365123,2965.723004,1
4285,95,1110,0.411441253,112.8882883,4200.435969,1
4285,96,255,0.990792492,178.7607843,5925.509678,0
4285,97,869,0.643929412,110.3084005,3491.268678,1
4285,98,778,0.510213057,117.0706941,4260.225487,1
4285,99,178,0.645417807,174.9606742,7470.985281,0
4285,100,692,0.848172967,131.4869942,5028.93655,1
4285,101,741,0.756960888,134.7786775,5347.162967,1
4285,102,339,0.962531238,185.7905605,6315.06359,0
4285,103,201,1.042899959,168.8109453,4435.110399,0
4285,104,1551,0.595428843,114.6370084,3597.289462,1
4285,105,251,0.995656403,137.8366534,4444.313091,0
4285,106,825,0.94192443,143.209697,4085.854376,0
4285,107,1447,0.516384157,128.0774015,4517.447552,1
4285,108,771,0.745737417,113.0998703,3652.910477,1
4285,109,360,0.970221752,167.3305556,4851.292867,1
4285,110,475,0.947875222,143.4231579,4519.124789,0
4285,111,293,1.005033298,179.8566553,6153.991662,0
4285,112,1484,0.526530065,117.925876,4019.582574,1
4285,113,708,0.51914213,122.3559322,4890.91113,1
4285,114,523,0.861256763,112.667304,3353.474491,1
4285,115,1206,0.589499895,119.2205638,4122.59629,1
4285,116,575,0.936455014,115.1217391,3775.085081,1
4285,117,957,0.635725178,120.753396,4464.200566,1
4285,118,654,0.629494729,129.1207951,4932.612839,1
4285,119,1204,0.756311061,119.5041528,4104.121136,1
4285,120,452,0.963763067,173.6637168,5551.363812,0
4285,121,1072,0.862797858,120.6725746,3976.414562,1
4285,122,376,0.965900688,177.7207447,5850.853336,0
4285,123,260,0.916761982,139.9807692,4172.336864,0
4285,124,973,0.464199412,132.692703,5390.641525,1
4285,125,1868,0.533186314,123.2478587,4541.849057,1
4285,126,2173,0.518990648,107.6474919,3151.054759,1
4285,127,933,0.649788436,118.7513398,4255.332189,1
4285,128,2174,0.372555967,114.5340386,3687.337846,1
4285,129,1870,0.520144422,116.2684492,3659.705878,1
4285,130,2100,0.30316386,113.6085714,2994.995447,1
4285,131,1240,0.340629343,114.4564516,3633.194243,1
4285,132,886,0.435555074,117.9334086,4155.257559,1
4285,133,1134,0.516727266,120.6446208,4022.884624,1
4285,134,852,0.449058914,112.0446009,3393.491492,1
4285,135,475,0.928390252,168.4021053,5545.947791,0
4285,136,838,0.540053303,115.2649165,4051.187538,1
4286,1,969,0.570831299,140.6769866,5433.697296,1
4286,2,1738,0.309232846,139.5097814,4840.420628,1
4286,3,1177,0.473240097,143.2472387,5419.993689,1
4286,4,1431,0.432001581,142.0076869,5157.266685,1
4286,5,893,0.802859892,150.0335946,4585.53711,2
4286,6,1335,0.389927792,141.0883895,4447.134035,1
4286,7,1230,0.560074183,132.7056911,4670.708184,1
4286,8,1642,0.46455628,134.7113276,4896.314705,1
4286,9,1751,0.387315294,131.2672758,4029.429669,1
4286,10,1072,0.753149622,141.5727612,4651.579442,1
4286,11,1086,0.63490899,143.4309392,5763.872936,1
4286,12,1490,0.474753931,134.7919463,4471.542018,1
4286,13,524,0.947707475,179.1755725,5770,0
4286,14,1730,0.674874049,129.4786127,4350.774698,1
4286,15,1582,0.585944045,128.1068268,4457.51109,1
4286,16,1491,0.488397916,135.0603622,4638.206207,1
4286,17,1745,0.53576749,129.6595989,4525.449976,1
4286,18,1937,0.441379062,125.2297367,3935.203451,1
4286,19,822,0.524261965,141.5778589,5393.029813,1
4286,20,1255,0.386407899,134.2366534,4458.715408,1
4286,21,1220,0.468726119,128.8229508,4314.975456,1
4286,22,807,0.517265913,134.0793061,5258.747522,1
4286,23,744,0.436656954,125.5994624,4703.280956,1
4286,24,831,0.505422893,127.6955475,4620.895205,1
4286,25,1294,0.668834806,124,4047.275997,1
4286,26,1047,0.571106966,127.4861509,4359.762915,1
4286,27,2175,0.420013921,129.3310345,4741.431082,1
4286,28,1308,0.402160236,123.0825688,4106.764532,1
4286,29,821,0.474871288,129.4421437,4975.178488,1
4286,30,899,0.50917748,132.8921023,4822.192365,1
4286,31,535,0.619389074,138.1813084,4637.224804,1
4286,32,1682,0.605391852,129.3959572,4634.727926,1
4286,33,1221,0.377485821,131.7141687,4640.756408,1
4286,34,854,0.620237425,145.0679157,6000.580235,1
4286,35,1586,0.524386837,127.0863808,4441.709478,1
4286,36,1270,0.443268996,147.4307087,6187.58349,1
4286,37,1028,0.751810703,126.1935798,3751.904582,1
4286,38,1016,0.342064097,131.2509843,4520.639182,1
4286,39,859,0.772291878,144.7427241,5659.626833,1
4286,40,1399,0.595474379,133.6990708,5014.649127,1
4286,41,871,0.745313741,128.2858783,3929.537168,1
4286,42,1393,0.439205281,138.5692749,5613.09653,1
4286,43,951,0.905027906,139.1419558,4399.009612,1
4286,44,1013,0.375486477,127.9259625,4666.208895,1
4286,45,1452,0.430117852,124.3677686,4214.11765,1
4286,46,1628,0.621649839,119.4883292,3896.545737,1
4286,47,1035,0.487749294,118.573913,4105.8228,1
4286,48,1433,0.490326648,118.4096301,3869.649977,1
4286,49,1974,0.377353469,117.029382,3552.893682,1
4286,50,132,0.52109014,205.4242424,8779.560319,0
4286,51,1217,0.379314323,118.1281841,3142.236278,1
4286,52,1440,0.718012916,123.6104167,4132.232209,1
4286,53,233,0.716152038,117.0042918,3516.219659,1
4286,54,1346,0.458515332,118.4086181,3665.760888,1
4286,55,1159,0.477149421,121.8705781,4193.228411,1
4286,56,1122,0.697025093,124.0882353,4187.951001,1
4286,57,1489,0.439612117,124.098724,4163.442641,1
4286,58,791,0.077813506,106.7661188,1341.699333,2
4286,59,1656,0.542350474,120.3900966,3865.286227,1
4286,60,1150,0.634194356,122.2991304,4109.480382,1
4286,61,1068,0.746831631,122.071161,3870.821021,1
4286,62,1320,0.526814532,120.0954545,3986.382738,1
4286,63,2024,0.499454373,121.9125494,3811.279961,1
4286,64,1373,0.607618174,123.7815004,4419.014393,1
4286,65,1941,0.467769898,119.6166924,3629.129916,1
4286,66,1407,0.617623748,115.3383085,3722.176291,1
4286,67,1175,0.825513811,115.0042553,2915.786022,1
4286,68,1438,0.496319228,113.810153,3611.505064,1
4286,69,1113,0.630383243,123.8382749,4382.697277,1
4286,70,1195,0.471564173,128.9924686,4340.912434,1
4286,71,1411,0.429019691,133.1637137,5274.487119,1
4286,72,1617,0.565543944,127.572047,4604.165563,1
4286,73,1111,0.706139389,118.5949595,4087.450371,1
4286,74,1195,0.68666619,118.0887029,3997.307474,1
4286,75,2245,0.150947559,123.7581292,2414.273993,1
4286,76,1444,0.648797632,132.783241,5154.728476,1
4286,77,762,0.763594043,124.5446194,4610.590571,1
4286,78,1286,0.259447762,110.7060653,2861.536504,1
4286,79,635,0.879446734,128.4850394,4366.783389,1
4286,80,954,0.813471884,118.0314465,3899.416434,1
4286,81,669,0.639357216,119.4603886,4255.274082,1
4286,82,949,0.784092819,123.2202318,4229.592815,1
4287,1,755,0.700710578,124.6317881,4458.866144,1
4287,2,1189,0.376668271,130.5063078,4415.969234,1
4287,3,730,0.763128648,124.2821918,4440.622308,1
4287,4,611,0.922017821,194.2307692,7839.138736,1
4287,5,367,0.723482652,135.0299728,4945.610898,1
4287,6,879,0.499714559,126.2229807,4583.19492,1
4287,7,1111,0.523564701,115.3789379,3839.318449,1
4287,8,1328,0.403078396,118.1506024,4007.78943,1
4287,9,573,0.846683005,162.3979058,6256.930513,1
4287,10,1610,0.484885506,116.7434783,3740.841538,1
4287,11,1138,0.582748718,131.0228471,4757.406294,1
4287,12,2172,0.323259386,131.6482505,3417.443916,1
4287,13,1410,0.690693685,120.3921986,4003.209912,1
4287,14,1716,0.602878454,121.3863636,3574.53968,1
4287,15,1426,0.527757155,125.1795231,4329.007884,1
4287,16,1983,0.495452159,125.4044377,4309.25047,1
4287,17,1786,0.646873487,132.4445689,4697.698844,1
4287,18,108,0.909582893,80.22222222,1900.447279,0
4287,19,1799,0.455638457,146.618677,5986.104993,1
4287,20,189,0.917798213,133.1428571,4073.69096,0
4287,21,1555,0.455303623,145.6681672,5869.265069,1
4287,22,1151,0.382019476,128.2536924,4303.471668,1
4287,23,1832,0.356450514,150.9241266,6069.043763,1
4287,24,1341,0.387447484,134.414616,4683.755864,1
4287,25,1432,0.584658913,143.7206704,5608.779457,1
4287,26,1787,0.387943695,121.7011752,3484.146094,1
4287,27,372,0.971836051,153.483871,5512.99474,0
4287,28,719,0.54917239,137.744089,5326.924154,1
4287,29,1094,0.529737373,123.0374771,4298.793491,1
4287,30,1580,0.497603396,140.85,5458.893153,1
4287,31,1599,0.540827979,135.7373358,4988.813123,1
4287,32,1374,0.517545655,117.992722,3947.016594,1
4287,33,997,0.682999065,134.9648947,5343.380625,1
4287,34,1148,0.7471605,131.9625436,4759.389194,1
4287,35,984,0.49454348,133.7642276,5135.622761,1
4287,36,1244,0.826376303,122.0265273,3781.123913,1
4287,37,1346,0.429231512,118.6716196,3901.895387,1
4287,38,1320,0.462014904,120.5,4045.090623,1
4287,39,1440,0.369090904,127.7833333,3832.569163,1
4287,40,1184,0.459604152,135.3826014,4861.243232,1
4287,41,439,0.79127547,131.1981777,5058.635689,1
4287,42,1029,0.418004742,129.4441205,4897.804816,1
4287,43,3290,0.390786154,122.1118541,3439.590473,1
4287,44,1632,0.489465622,119.8909314,3734.476465,1
4287,45,1708,0.506185866,138.295082,5527.635974,1
4287,46,1854,0.48597791,130.4590076,4750.188146,1
4287,47,2138,0.493702645,127.5304022,4115.344174,1
4287,48,638,0.928730781,153.2758621,5481.31869,0
4287,49,969,0.754324408,131.1093911,4437.880731,1
4287,50,1828,0.500351685,143.8462801,5660.759232,1
4287,51,1096,0.655863687,136.0711679,4353.592204,1
4287,52,1105,0.467756046,136.8153846,5555.64789,1
4287,53,1094,0.860105244,135.9323583,3057.12772,1
4287,54,1340,0.44377597,126.2425373,4190.955236,1
4287,55,1371,0.384487808,125.1480671,4812.744257,1
4287,56,1349,0.638730015,130.53447,4545.630789,1
4287,57,705,0.914483173,154.5205674,4569.546088,0
4287,58,892,0.895472653,144.1995516,5522.704351,1
4287,59,1014,0.551342282,136.2120316,5451.020607,1
4287,60,1334,0.573601952,129.2121439,4894.347174,1
4287,61,1078,0.453175632,121.9359926,3915.424215,1
4287,62,847,0.578522438,127.1948052,4676.037841,1
4287,63,1353,0.677055549,124.0214339,4016.358777,1
4287,64,1151,0.453390906,121.6629018,4233.18302,1
4287,65,671,0.887803002,145.0730253,4414.247179,1
4287,66,856,0.649313559,133.6623832,5078.369706,1
4287,67,848,0.592729562,130.4339623,4711.020754,1
4287,68,755,0.622072011,137.007947,4498.379701,1
4287,69,1828,0.719732718,119.9009847,3907.93543,1
4287,70,1656,0.460004446,120.8375604,4034.526256,1
4287,71,1128,0.446755324,133.8998227,5122.240678,1
4287,72,1230,0.807321621,143.2650407,5860.721747,1
4287,73,2059,0.498323007,117.4885867,3846.061225,1
4287,74,1108,0.520602668,129.0803249,4836.068916,1
4287,75,1040,0.851579165,126.1490385,4040.760853,1
4287,76,1152,0.615690164,123.53125,4317.858454,1
4287,77,851,0.404077317,133.0164512,4457.811224,1
4287,78,1245,0.58294485,115.7277108,3843.719634,1
4287,79,437,0.958334069,167.5011442,5018.300605,0
4287,80,1521,0.355651483,116.5811966,3590.703007,1
4287,81,1132,0.680234413,113.4911661,3382.589642,1
4287,82,1145,0.538221279,117.5694323,3725.516427,1
4287,83,1884,0.442765622,119.7638004,4063.893133,1
4287,84,2738,0.413523154,122.6804237,4304.705044,1
4287,85,1343,0.864987254,130.3209233,4291.548669,1
4287,86,1910,0.411462573,119.3685864,3933.438224,1
4287,87,1632,0.556352969,125.3768382,4286.338995,1
4287,88,1175,0.689220567,139.2331915,5237.642552,1
4287,89,844,0.830427463,172.8329384,6264.92391,1
4287,90,1447,0.603582114,141.4941258,5318.932843,1
4287,91,1603,0.569107835,132.5215221,4762.73812,1
4287,92,427,0.975034501,175.1405152,5832.008347,0
4287,93,1365,0.637566766,130.0681319,4482.573714,1
4287,94,2256,0.353029834,124.4046986,4290.102827,1
4287,95,417,0.733425344,127.7458034,3840.282797,1
4288,1,2423,0.510381476,110.6161783,3130.703822,1
4288,2,461,0.708468003,106.340564,2599.592086,1
4288,3,1342,0.710858898,112.947839,3424.277107,1
4288,4,918,0.397446685,112.5915033,3602.685084,1
4288,5,888,0.721937487,111.5371622,3458.166039,1
4288,6,771,0.756778343,113.8845655,3061.873591,1
4288,7,918,0.792633994,113.0446623,3745.52161,1
4288,8,2803,0.491322342,109.8562255,3191.159352,1
4288,9,1408,0.781923661,115.3394886,3298.4657,1
4288,10,213,0.957568605,175.5117371,6164.457753,0
4288,11,1158,0.575942627,114.0164076,3792.800057,1
4288,12,1625,0.824952819,110.5747692,3011.543059,1
4288,13,1293,0.394862887,112.8228925,3379.783659,1
4288,14,946,0.82107485,114.0147992,3021.226982,1
4288,15,1117,0.541830147,120.1584602,4204.315201,1
4288,16,938,0.825458506,112.4904051,3174.837998,1
4288,17,1276,0.71051593,110.0180251,2903.947121,1
4288,18,1288,0.755503055,114.2973602,3464.17123,1
4288,19,1333,0.76449293,111.2108027,3168.803194,1
4288,20,1762,0.412509569,109.3195233,3337.114788,1
4288,21,1532,0.458759174,113.1116188,3500.468311,1
4288,22,1024,0.496279703,115.2861328,3797.25164,1
4288,23,1001,0.602698895,111.5374625,3468.685358,1
4288,24,1373,0.471278372,120.3503277,4261.731697,1
4288,25,1310,0.441316144,124.8793893,4043.812899,1
4288,26,862,0.658823416,116.412993,3978.936826,1
4288,27,804,0.588575336,117.5037313,3960.67921,1
4288,28,1174,0.856342201,112.4812606,2559.602753,1
4288,29,1375,0.728732913,110.2734545,3059.128803,1
4288,30,344,0.959751734,170.9127907,5126.045166,0
4288,31,1403,0.420542527,117.1781896,4000.738,1
4288,32,894,0.43551316,110.3154362,3401.310711,1
4288,33,1634,0.683726654,127.8684211,4794.785697,1
4288,34,2109,0.347535056,112.8217165,3096.83694,1
4288,35,654,0.933266918,164.7675841,5120.977029,0
4288,36,284,0.98201964,176.3943662,5420.775393,0
4288,37,1224,0.73072954,127.254902,4138.610207,1
4288,38,265,0.980286443,161.0188679,4615.95113,0
4288,39,2106,0.52424537,113.8926876,3453.008872,1
4288,40,811,0.872396347,125.5030826,4176.732119,1
4288,41,1168,0.812950353,120.5582192,3950.378769,1
4288,42,1570,0.458566767,115.2012739,3341.306236,1
4288,43,1241,0.48939346,109.3440774,3075.628605,1
4288,44,330,0.995960331,176.1969697,5408.894076,0
4288,45,923,0.681401846,113.4528711,3477.252974,1
4288,46,1309,0.433694866,119.5049656,4171.835985,1
4288,47,1394,0.374738665,110.2654232,3066.759755,1
4288,48,1104,0.452295955,122.4900362,3925.786153,1
4288,49,468,0.94784857,149.3888889,4272.759456,0
4288,50,1180,0.649261822,115.7898305,3601.828297,1
4288,51,348,0.970911637,180.1522989,5556.166823,0
4288,52,767,0.821373338,110.767927,3354.578086,1
4288,53,1283,0.46519319,121.7295401,4519.802561,1
4288,54,862,0.655311348,114.9930394,3827.775702,1
4288,55,1133,0.365982567,119.1209179,3620.93877,1
4288,56,881,0.78015471,116.4245176,3716.931445,1
4288,57,1048,0.487213272,114.5639313,3409.056388,1
4288,58,904,0.538851669,122.7853982,4497.063694,1
4288,59,1831,0.421419479,112.7422174,3265.894114,1
4288,60,1427,0.392430418,117.7988788,3304.047203,1
4288,61,507,0.943291116,171.8934911,5277.644976,0
4288,62,1435,0.499393731,118.5595819,3948.436375,1
4288,63,641,0.937990618,146.4149766,4050.304898,0
4288,64,1371,0.381197187,111.7257476,2851.807804,1
4288,65,170,0.588522249,179.2470588,7834.038231,0
4288,66,1492,0.409422438,130.7660858,4630.79983,1
4288,67,995,0.648909351,113.201005,3350.912043,1
4288,68,673,0.649802045,123.0341753,4250.632713,1
4288,69,1089,0.483325489,118.4618916,3927.433426,1
4288,70,1087,0.656683227,116.8390064,3695.777405,1
4288,71,1591,0.760642602,116.6266499,3347.782846,1
4288,72,979,0.805706204,116.8876404,3507.991601,1
4288,73,292,0.88127399,169.3938356,5820.205194,0
4288,74,462,0.970222298,182.6428571,5453.47914,0
4288,75,1688,0.455992353,122.4964455,4405.047338,1
4288,76,944,0.561916474,127.8813559,4898.806517,1
4288,77,1383,0.570680535,114.1041215,3647.259907,1
4288,78,1384,0.332535918,108.1105491,2542.617111,1
4288,79,2073,0.427352778,108.4920405,3215.150978,1
4288,80,1505,0.629445778,109.9488372,3451.084427,1
4288,81,1299,0.31430518,120.0892995,3471.689151,1
4288,82,1066,0.567928392,118.706379,3958.642217,1
4288,83,1246,0.535133738,111.3956661,3288.55293,1
4288,84,1374,0.696639015,117.9599709,3533.70922,1
4288,85,1094,0.623679186,131.0511883,5086.194861,1
4288,86,1009,0.611264201,127.6114965,4787.971422,1
4288,87,1319,0.765002548,115.1546626,3395.155482,1
4288,88,579,0.555694254,111.2176166,3661.255934,1
4288,89,741,0.818824773,112.4116059,3334.546063,1
4288,90,1713,0.612429735,119.6865149,3935.403783,1
4288,91,1328,0.385856037,114.0082831,3646.364854,1
4288,92,658,0.802648288,109.8465046,3156.632313,1
4288,93,1810,0.707482094,120.6762431,3860.1108,1
4288,94,1407,0.35020569,115.822317,2949.316318,1
4288,95,1187,0.378751973,114.5863521,3593.07399,1
4288,96,636,0.930673999,146.3396226,4116.345354,0
4288,97,2071,0.463630806,113.7735394,3394.225962,1
4288,98,723,0.807784466,130.6625173,4984.430668,1
4288,99,482,0.942071793,144.4854772,4263.6175,0
4288,100,1332,0.410693483,122.8941441,4619.890211,1
4288,101,669,0.861040903,135.8086697,5246.722536,1
4288,102,1219,0.372417236,107.3732568,3136.41583,1
4288,103,1791,0.416316303,117.0943607,3787.838658,1
4288,104,1069,0.421842763,118.1253508,3719.753409,1
4288,105,837,0.745110495,123.3297491,4362.943687,1
4288,106,1389,0.36543095,117.2404608,3402.955113,1
4288,107,283,0.439622249,102.6607774,2722.060034,1
4288,108,512,0.520747343,106.5917969,2912.922791,1
4288,109,365,0.658550707,111.2712329,2599.890519,1
4288,110,442,0.64538848,118.239819,3545.685887,1
4289,1,1074,0.454039314,149.7895717,5588.345218,1
4289,2,922,0.711164134,149.4793926,5538.162453,1
4289,3,1372,0.512697663,150.0604956,5670.738204,1
4289,4,767,0.586215267,144.2229465,5439.398421,1
4289,5,878,0.334892063,152.7824601,5269.736201,1
4289,6,1019,0.382512452,152.1707556,6076.777738,1
4289,7,194,0.920750959,155.4587629,5340.238957,0
4289,8,1006,0.83350552,144.9294235,4808.908448,1
4289,9,867,0.805148717,139.0392157,4511.20465,1
4289,10,1328,0.551045824,138.060241,5028.531666,1
4289,11,2212,0.572922668,145.244123,5229.298915,1
4289,12,1164,0.421402172,142.4484536,4781.047195,1
4289,13,2528,0.298828347,139.5494462,4252.856348,1
4289,14,1443,0.322814717,159.6742897,5097.40012,1
4289,15,1713,0.399363192,143.7542323,5467.262352,1
4289,16,885,0.458860386,144.300565,5213.537219,1
4289,17,390,0.898842909,183.7282051,7885.32532,1
4289,18,1282,0.402891115,146.0670827,5204.890663,1
4289,19,1106,0.507181944,148.261302,5857.11836,1
4289,20,1768,0.519746279,138.4128959,5080.327041,1
4289,21,1504,0.346914057,142.9089096,5477.639624,1
4289,22,1176,0.477719705,143.0501701,5590.274356,1
4289,23,1548,0.405986266,145.0691214,5658.118941,1
4289,24,998,0.588201177,143.2304609,5347.292691,1
4289,25,1500,0.548151797,143.4273333,5452.82151,1
4289,26,1227,0.794646983,141.8842706,4614.74998,1
4289,27,1726,0.654623366,138.3128621,4905.278114,1
4289,28,1405,0.383551684,144.1459075,4993.624859,1
4289,29,1892,0.323904418,145.095666,4752.126722,1
4289,30,1320,0.616769443,141.5295455,5349.370828,1
4289,31,1900,0.400160089,131.5126316,4606.438833,1
4289,32,875,0.892702819,192.8845714,8491.087196,1
4289,33,437,0.522715009,121.9839817,3850.663595,1
4289,34,976,0.561588357,151.8053279,6339.404288,1
4289,35,321,0.994160932,192.1682243,6133.788569,0
4289,36,676,0.736499583,145.6153846,5717.290247,1
4289,37,1358,0.568624237,156.9764359,6744.902872,1
4289,38,1606,0.492803442,127.8673724,4264.560178,1
4289,39,1686,0.435560207,130.0379597,4389.046716,1
4289,40,1140,0.472490409,130.0245614,4788.529376,1
4289,41,1236,0.454833965,120.4943366,3555.103245,1
4289,42,1476,0.372858482,133.2012195,4657.714157,1
4289,43,1451,0.565032031,129.5244659,4274.109193,1
4289,44,1457,0.316522318,134.6616335,4306.092547,1
4289,45,894,0.80046988,121.2259508,3538.040562,1
4289,46,1534,0.439015427,138.256193,4906.038861,1
4289,47,1073,0.570164287,135.5629077,4914.797113,1
4289,48,1870,0.361115418,127.3010695,4405.48287,1
4289,49,1021,0.828170816,139.4221352,4970.480374,1
4289,50,1106,0.445081358,127.0714286,4435.975641,1
4289,51,890,0.852057874,120.4898876,3472.385575,1
4289,52,1232,0.460590676,130.7313312,4462.300367,1
4289,53,1302,0.490872781,125.5046083,4066.74261,1
4289,54,1135,0.493965805,121.5057269,4007.589934,1
4289,55,908,0.593028988,135.2323789,5134.729019,1
4289,56,1153,0.419469985,143.3261058,5728.510767,1
4289,57,1463,0.760220194,122.2665755,3950.454587,1
4289,58,908,0.647864191,120.8348018,4293.32874,1
4289,59,1826,0.56119438,134.3740416,5073.812887,1
4289,60,988,0.631412905,174.3198381,8359.469797,1
4289,61,1209,0.484419187,121.6029777,3949.500761,1
4289,62,1384,0.555983781,136.7630058,4820.918594,1
4289,63,881,0.746996134,108.9931896,3017.414763,1
4289,64,775,0.666154547,113.0632258,3424.201185,1
4289,65,869,0.751210446,147.4821634,6049.600124,1
4289,66,639,0.907164396,175.1658842,7190.020671,1
4289,67,377,0.941358537,170.7427056,5280.409074,0
4289,68,1296,0.516443913,127.6072531,4699.198383,1
4289,69,1349,0.510276529,133.0429948,5089.413477,1
4289,70,1474,0.515596185,129.5345997,4754.377798,1
4289,71,1647,0.3892964,129.1985428,4831.206687,1
4289,72,2930,0.266081813,118.1761092,3007.158649,1
4289,73,1818,0.520616173,117.8250825,3976.779879,1
4289,74,1052,0.47823922,124.4401141,4490.857345,1
4289,75,1538,0.326554872,118.2061118,3435.153138,1
4289,76,796,0.31538933,113.0854271,2853.049329,1
4290,1,382,0.927510364,182.1649215,6536.22177,0
4290,2,1226,0.620200115,121.1582382,4028.480032,1
4290,3,1127,0.704933608,117.3549246,3285.901139,1
4290,4,2479,0.483912851,143.9588544,5431.409111,1
4290,5,1659,0.471348301,135.3303195,4832.528452,1
4290,6,1365,0.498436019,155.4095238,6329.117922,1
4290,7,268,0.991384026,186.4216418,6012.493936,0
4290,8,1627,0.398849837,148.0116779,5707.179531,1
4290,9,1691,0.429035478,137.4027203,5032.880199,1
4290,10,923,0.741681784,152.1332611,5763.254032,1
4290,11,1173,0.476275541,148.859335,5599.589563,1
4290,12,1125,0.458573186,143.824,5192.665484,1
4290,13,529,0.902152257,146.1493384,4628.034922,1
4290,14,532,0.808876188,150.5545113,5508.083263,1
4290,15,1366,0.323107659,127.7628111,3417.949888,1
4290,16,1384,0.534774879,124.2947977,4270.627597,1
4290,17,954,0.644390005,128.9884696,4790.328762,1
4290,18,1123,0.520806358,127.8753339,4488.807921,1
4290,19,1281,0.505334276,125.568306,4390.254861,1
4290,20,1248,0.620705008,125.1794872,4283.725085,1
4290,21,1374,0.397140523,131.7547307,4464.899351,1
4290,22,1294,0.420660922,143.9227202,5616.847493,1
4290,23,1909,0.505736399,131.5426925,4449.929076,1
4290,24,1252,0.678953394,149.1333866,5722.28475,1
4290,25,1640,0.674075374,119.727439,3841.450819,1
4290,26,1431,0.479725884,131.4304682,4532.201958,1
4290,27,1008,0.780973115,137.922619,3995.51249,1
4290,28,1310,0.404312724,129.2633588,4555.657669,1
4290,29,1147,0.360827605,130.9529207,3891.889644,1
4290,30,1871,0.398265414,133.7365045,4465.258669,1
4290,31,1027,0.430526715,140.0038948,5072.094452,1
4290,32,1373,0.519117672,144.5193008,5738.846105,1
4290,33,1496,0.638873945,132.3536096,4326.541775,1
4290,34,1411,0.38408747,134.5591779,4727.300018,1
4290,35,1479,0.550869121,142.5551048,5439.679388,1
4290,36,1488,0.59872484,136.2694892,4973.013309,1
4290,37,1511,0.583387535,137.6280609,5104.322033,1
4290,38,1537,0.710707671,135.6213403,4738.714146,1
4290,39,1641,0.450010853,133.1895186,4678.16695,1
4290,40,1966,0.500349418,118.448118,3762.420552,1
4290,41,1771,0.403350812,122.8921513,3995.500188,1
4290,42,1309,0.633613226,131.2345302,4372.947716,1
4290,43,1226,0.307693238,132.91354,3525.444028,1
4290,44,1036,0.438186195,135.0357143,3566.673801,1
4290,45,1558,0.475789929,128.6739409,4487.787905,1
4290,46,1563,0.420722665,121.78119,4217.522216,1
4290,47,1231,0.43736826,123.3809911,4302.214366,1
4290,48,2358,0.493505299,136.1051739,4913.279441,1
4290,49,706,0.857097273,133.3441926,4735.606054,1
4290,50,826,0.49235783,140.3886199,5173.55194,1
4290,51,1518,0.729730281,113.4795784,3423.848427,1
4290,52,1397,0.692386089,138.7823908,5262.17836,1
4290,53,2211,0.376358163,139.7779285,4348.757083,1
4290,54,1619,0.668382332,111.1809759,3034.455722,1
4290,55,391,0.454169654,135.5217391,4746.94747,1
4292,1,2044,0.344696122,109.7558708,3045.785017,1
4292,2,1329,0.719366115,110.6561324,3446.269752,1
4292,3,1551,0.605087148,109.5087041,3253.597469,1
4292,4,1394,0.451131242,120.6757532,4278.48234,1
4292,5,1302,0.442408207,128.7534562,4395.994663,1
4292,6,855,0.790702744,107.4035088,3008.868562,1
4292,7,1485,0.616192055,112.1387205,3422.089298,1
4292,8,1631,0.635125598,117.8264868,3756.137949,1
4292,9,1252,0.394443773,111.8322684,3510.502644,1
4292,10,942,0.658024401,122.111465,4405.204141,1
4292,11,1879,0.462848373,116.5082491,3752.639001,1
4292,12,2062,0.54128744,112.971872,3451.492108,1
4292,13,1109,0.706295405,113.5906222,3556.123757,1
4292,14,1945,0.43386033,116.2046272,3475.769878,1
4292,15,1341,0.390387539,113.3758389,3611.878393,1
4292,16,918,0.8239349,110.1339869,3034.566804,1
4292,17,672,0.830924785,120.2931548,4747.934761,1
4292,18,1113,0.264010207,109.7789757,2881.985475,1
4292,19,1026,0.477468996,109.119883,3731.883503,1
4292,20,985,0.560243696,122.128934,4855.068218,1
4292,21,1700,0.440546746,116.0770588,3631.443592,1
4292,22,1466,0.379070948,115.3635744,3343.695501,1
4292,23,1317,0.768904124,116.309795,3477.138383,1
4292,24,1023,0.734168544,114.342131,3348.231096,1
4292,25,1620,0.485110876,118.0339506,3851.600033,1
4292,26,1468,0.703942928,116.643733,3484.9627,1
4292,27,840,0.933707829,147.2380952,4996.357519,0
4292,28,987,0.589240242,136.3029382,5609.211463,1
4292,29,1634,0.500897622,116.4345165,3750.160915,1
4292,30,1069,0.706595455,117.3086997,3814.02868,1
4292,31,733,0.842387142,135.568895,5497.9567,1
4292,32,573,0.847877292,145.9092496,6022.046869,1
4292,33,1164,0.516033152,122.7594502,4738.020757,1
4292,34,929,0.746151793,124.3164693,4427.518724,1
4292,35,1106,0.565936639,130.89783,5268.638463,1
4292,36,1447,0.395170625,117.252246,3578.111553,1
4292,37,397,0.963930928,168.2670025,5312.513443,0
4292,38,348,0.970911637,158.7442529,4689.94201,0
4292,39,871,0.644416336,109.967853,3754.182347,1
4292,40,859,0.609745083,113.2398137,4087.817552,1
4292,41,835,0.646514313,119.5041916,4513.087858,1
4292,42,944,0.595378921,108.1207627,3290.163141,1
4292,43,704,0.946689682,173.8338068,5998.507233,1
4292,44,687,0.869052443,162.0727802,6393.374722,1
4292,45,2076,0.504323105,120.5289017,3977.113256,1
4292,46,386,0.937222514,174.5803109,5847.284569,0
4292,47,974,0.629565282,121.0821355,4063.793923,1
4292,48,1552,0.802616796,126.6243557,4058.271007,1
4292,49,1693,0.341314693,112.7595983,3089.498726,1
4292,50,1537,0.527017106,116.1171113,3776.637654,1
4292,51,2047,0.484363369,115.5701026,3536.856005,1
4292,52,1197,0.588441788,113.1971596,3744.39604,1
4292,53,2093,0.519285624,117.1075012,3619.16916,1
4292,54,1047,0.588365217,118.9923591,4161.375771,1
4292,55,1458,0.529216365,110.1364883,3344.919271,1
4292,56,1835,0.486000774,111.7133515,3450.626425,1
4292,57,1280,0.654624028,119.3203125,4122.548099,1
4292,58,959,0.61771794,123.6892596,4601.389559,1
4292,59,1087,0.535712291,123.4342226,4319.24445,1
4292,60,1422,0.786722213,114.1399437,3308.469565,1
4292,61,2098,0.507761859,118.6858913,4050.920056,1
4292,62,709,0.800519603,132.4866008,5249.311115,1
4292,63,1443,0.654356583,113.984061,3492.248707,1
4292,64,1239,0.827679371,113.7094431,2919.631078,1
4292,65,941,0.921904621,134.0733262,4152.334888,1
4292,66,408,0.952810577,186.8014706,6453.866617,0
4292,67,1204,0.618789856,109.9750831,3254.31984,1
4292,68,266,0.919778958,148.612782,4714.505463,0
4292,69,1268,0.615076657,111.6080442,3488.888376,1
4292,70,1561,0.412623582,120.7911595,3896.89288,1
4292,71,1186,0.730326325,123.6602024,4612.812983,1
4292,72,751,0.687667218,135.011984,4824.482033,1
4292,73,1468,0.519904795,115.0762943,3607.638875,1
4292,74,1062,0.331335563,105.3483992,2821.006126,1
4292,75,1689,0.589657919,115.5701599,3661.576948,1
4292,76,1547,0.689406302,124.1745314,4396.633167,1
4292,77,974,0.776259833,130.3942505,4861.198928,1
4292,78,374,0.977060976,165.0588235,5011.172829,0
4292,79,850,0.839314027,131.66,5133.1107,1
4292,80,1198,0.693876272,129.1477462,4773.74288,1
4292,81,207,0.910311073,207.294686,8310.455828,0
4292,82,1286,0.9021421,114.1944012,2032.756965,1
4292,83,1132,0.796076801,113.7226148,3199.700598,1
4292,84,772,0.513893182,106.6437824,3102.495992,1
4292,85,1519,0.588057031,114.0315997,3436.89337,1
4292,86,1009,0.813400363,121.03667,4197.12425,1
4292,87,333,0.962368472,186.7657658,6601.554815,0
4292,88,709,0.49631601,109.561354,3460.152994,1
4293,1,1632,0.519473008,154.5949755,5934.458312,1
4293,2,1580,0.724545634,155.8164557,5348.284068,1
4293,3,1137,0.252402851,150.94635,5255.809691,1
4293,4,583,0.949483954,190.4768439,6656.858025,0
4293,5,1382,0.807959691,150.5202605,5407.641662,1
4293,6,1642,0.51323041,146.6010962,5520.993741,1
4293,7,340,0.972451184,186.3794118,5629.140017,0
4293,8,913,0.449958897,151.9726177,6043.727064,1
4293,9,1358,0.406115106,160.4587629,6615.377775,1
4293,10,84,1.021738343,208.0833333,6059.4859,0
4293,11,1895,0.358799598,161.7007916,6846.889023,1
4293,12,1155,0.418782646,142.8225108,5120.759861,1
4293,13,752,0.932471969,200.8404255,7091.644121,1
4293,14,1518,0.578551591,157.5909091,6505.981574,1
4293,15,983,0.698137009,154.5534079,6233.1274,1
4293,16,2061,0.417560147,140.7792334,4456.59564,1
4293,17,1491,0.322382597,153.9812207,4830.42548,1
4293,18,2146,0.570164287,143.7269338,5370.776431,1
4293,19,1991,0.411730662,140.6459066,5170.326877,1
4293,20,493,0.963571356,196.2515213,6594.279421,0
4293,21,1161,0.822356221,156.1317829,6175.883787,1
4293,22,1836,0.480452857,148.5223312,5555.102039,1
4293,23,499,0.955453661,176.4128257,5759.586746,0
4293,24,1452,0.537379656,151.6673554,6084.282797,1
4293,25,1946,0.65985363,141.1171634,5099.947992,1
4293,26,1240,0.459420294,135.4991935,4613.522942,1
4293,27,747,0.414382752,132.5060241,4151.884595,1
4293,28,273,0.861269392,194.6007326,7167.095173,0
4293,29,555,0.928484802,184.5513514,6965.04869,0
4293,30,685,0.638336667,143.7824818,5634.721518,1
4293,31,789,0.921283756,162.6882129,5377.558648,1
4293,32,610,0.643365504,156.9721311,6535.822489,1
4293,33,907,0.601631106,139.600882,5009.213053,1
4293,34,261,0.993532212,162.4482759,4245.347994,0
4293,35,1216,0.516372854,146.5123355,5716.940552,1
4293,36,977,0.553664723,138.9426817,5360.88973,1
4293,37,1089,0.407287121,141.3067034,4853.307101,1
4293,38,1509,0.432128606,137.713055,4670.650114,1
4293,39,1507,0.481262402,119.1824818,3975.070845,1
4293,40,2090,0.452431139,132.9105263,4525.571499,1
4293,41,915,0.803865279,126.1147541,2717.12979,1
4293,42,1378,0.552355333,149.969521,6189.849155,1
4293,43,936,0.623974734,124.1121795,4135.891239,1
4293,44,1542,0.511110378,146.2632944,5379.947873,1
4293,45,845,0.609582074,135.8757396,4983.670703,1
4293,46,1425,0.476868899,119.4652632,3939.37181,1
4293,47,406,0.948139937,173.9507389,5539.577594,0
4293,48,1267,0.569070145,121.4119968,4023.333103,1
4293,49,1066,0.433530365,120.608818,3991.553076,1
4293,50,991,0.546811656,116.7366297,3519.654962,1
4293,51,1194,0.554410362,125.3609715,4295.894992,1
4293,52,1497,0.489358359,130.1449566,4538.669306,1
4293,53,1451,0.743425301,161.2784287,6701.017401,1
4293,54,1344,0.471268248,117.7574405,3431.824523,1
4293,55,1441,0.473879759,129.7668286,4287.729332,1
4293,56,1609,0.639722424,155.6749534,6392.547836,1
4293,57,2364,0.526036464,131.6159052,4301.975088,1
4293,58,372,0.909353721,182.7795699,6303.797933,1
4293,59,1817,0.588976365,134.3918547,5181.999275,1
4293,60,1976,0.487715011,125.2601215,4204.38933,1
4293,61,946,0.690653283,120.3572939,4149.75217,1
4293,62,614,0.658390625,126.9983713,4319.253682,1
4293,63,674,0.843869038,123.6646884,3581.908265,1
4293,64,1016,0.443658738,119.3572835,4057.807256,1
4293,65,924,0.517563997,136.4437229,5317.663764,1
4293,66,1044,0.504006935,122.0105364,4202.05705,1
4293,67,1723,0.468861709,127.4143935,4553.049342,1
4293,68,644,0.525264399,112.4114907,3836.354667,1
4293,69,335,0.709799496,107.8089552,3481.994754,1
4293,70,106,0.803028989,95.96226415,2113.412886,1
4294,1,1663,0.483659079,186.983163,8849.080124,1
4294,2,930,0.658734958,180.5322581,8497.205449,1
4294,3,610,0.932441494,191.3360656,6918.914631,0
4294,4,852,0.787928349,193.0985915,8773.390636,1
4294,5,1191,0.566012733,166.5927792,7239.325599,1
4294,6,1480,0.503108849,186.3148649,8936.891032,1
4294,7,2536,0.320723387,177.0031546,7133.784923,1
4294,8,1416,0.502024124,163.8961864,7530.257532,1
4294,9,848,0.503624629,191.678066,9274.191699,1
4294,10,1390,0.563096965,197.5359712,10175.60513,1
4294,11,918,0.75637365,163.5,6121.363287,1
4294,12,686,0.60118815,167.7959184,7229.818685,1
4294,13,1655,0.619410723,163.9045317,7110.639992,1
4294,14,944,0.489227722,175.6440678,7582.853396,1
4294,15,830,0.727459152,177.9180723,7116.958156,1
4294,16,954,0.776850508,175.5597484,7297.540673,1
4294,17,1733,0.468867726,179.8066936,8481.965353,1
4294,18,970,0.711254048,178.3319588,7441.257247,1
4294,19,2012,0.318694938,164.9478131,7193.168353,1
4294,20,753,0.854123634,162.1500664,5697.929523,1
4294,21,838,0.823916822,174.3150358,7259.027334,1
4294,22,926,0.462550093,166.1069114,7184.704855,1
4294,23,1135,0.756636029,157.6264317,6409.239495,1
4294,24,1013,0.441793301,163.1194472,6760.188189,1
4294,25,926,0.562876795,175.8228942,7997.711164,1
4294,26,2246,0.284239823,160.9323241,6069.370526,1
4294,27,792,0.692508754,160.6300505,7147.134254,1
4294,28,1625,0.543001012,156.1876923,6596.295724,1
4294,29,757,0.846906226,161.2087186,6756.911779,1
4294,30,2552,0.33381981,161.4521944,6899.79222,1
4294,31,1628,0.548681306,170.9238329,7625.442732,1
4294,32,1616,0.46169974,167.7679455,7390.739889,1
4294,33,1204,0.497628343,161.9509967,6789.812798,1
4294,34,1139,0.602542964,176.2660228,8014.853575,1
4294,35,433,0.973303301,178.1154734,5884.695495,0
4294,36,1639,0.433124584,147.4222087,5697.743332,1
4294,37,948,0.880370224,175.3322785,7169.26369,1
4294,38,1593,0.456028754,167.519774,7226.229907,1
4294,39,1024,0.392369031,149.8232422,6099.019801,1
4294,40,1181,0.659380413,152.6680779,5788.629235,1
4294,41,683,0.569988188,148.8286969,5975.918707,1
4294,42,1505,0.333414846,168.8976744,6798.123405,1
4294,43,678,0.429879628,152.7787611,5895.230114,1
4294,44,940,0.674540415,159.2297872,6153.299737,1
4294,45,1509,0.488992647,156.4234592,6365.477645,1
4294,46,1041,0.534732044,154.309318,6379.782454,1
4294,47,779,0.701559444,154.3530167,6480.986281,1
4294,48,1554,0.422873532,157.7644788,6612.647098,1
4294,49,1806,0.414951293,156.183278,6387.576766,1
4294,50,944,0.58893979,159.0233051,6882.595103,1
4294,51,1398,0.424028743,144.1609442,5282.552882,1
4294,52,1350,0.361900384,149.9511111,6254.274875,1
4294,53,1436,0.384597631,138.0877437,5061.410192,1
4294,54,969,0.716464623,154.4148607,6043.879878,1
4294,55,1758,0.528203224,161.1507395,6775.928876,1
4294,56,1195,0.608808545,147.5389121,5706.236736,1
4294,57,1459,0.358752214,159.6113777,6438.912126,1
4294,58,454,0.968027505,203.6079295,7279.959277,0
4294,59,1362,0.47641927,145.9199706,5676.045329,1
4294,60,1221,0.778739489,146.5266175,5142.374393,1
4294,61,1262,0.823038795,210.0847861,8683.708784,1
4294,62,309,0.220278119,145.6699029,4708.493763,2
4294,63,1473,0.904510616,184.610998,6804.543804,1
4294,64,1592,0.515734662,144.7537688,5669.831594,1
4294,65,1514,0.418021783,142.5085865,5398.150258,1
4294,66,288,0.915618658,172.4097222,5911.032161,0
4294,67,1376,0.412711285,152.4026163,6192.385401,1
4294,68,1879,0.475016572,143.199042,5438.533428,1
4294,69,286,0.96999271,201.1048951,6992.834018,0
4294,70,639,0.911861713,179.5211268,7034.593143,1
4294,71,2168,0.639897345,165.1789668,7152.088266,1
4294,72,364,0.974067212,184.1620879,6168.841162,0
4294,73,1199,0.572227186,133.205171,4984.674668,1
4294,74,1281,0.507283003,145.206089,5529.325848,1
4294,75,648,0.817384621,142.125,5539.978631,1
4294,76,1365,0.400334499,150.4564103,5849.773832,1
4294,77,1187,0.851329412,177.6967144,7694.756073,1
4296,1,1325,0.861112453,115.7298113,3458.710567,1
4296,2,572,0.747798934,106.0594406,2480.137209,1
4296,3,970,0.794795428,110.3443299,2644.277717,1
4296,4,1899,0.554346595,110.9073196,3425.089582,1
4296,5,1699,0.745434653,113.0694526,3411.71762,1
4296,6,2631,0.085304209,97.64348157,884.7667313,0
4296,7,919,0.411222803,121.2981502,3967.12148,1
4296,8,735,0.654700054,116.8340136,3940.60641,1
4296,9,1048,0.515842145,114.1507634,3833.464425,1
4296,10,1441,0.782114642,114.8369188,3457.544671,1
4296,11,647,0.776502723,129.8639876,4949.748862,1
4296,12,1312,0.64497546,116.1402439,3977.955924,1
4296,13,1302,0.594550961,117.0729647,3957.424431,1
4296,14,895,0.459980832,110.6916201,3498.298732,1
4296,15,1322,0.482887612,117.7420575,3843.291798,1
4296,16,814,0.606697662,114.2162162,4158.679104,1
4296,17,527,0.824943195,122.1404175,4623.923691,1
4296,18,867,0.644848181,108.2560554,3570.847366,1
4296,19,951,0.892118528,119.6508938,3418.399386,1
4296,20,1719,0.505138102,113.9732403,3453.2886,1
4296,21,969,0.688930015,115.9071207,3743.72845,1
4296,22,440,0.888069551,196.5704545,8078.754764,1
4296,23,1178,0.56504356,118.9609508,4216.497256,1
4296,24,985,0.79023151,112.822335,3277.132883,1
4296,25,1081,0.681098543,117.3487512,3833.631699,1
4296,26,1249,0.821057081,114.6517214,3155.734062,1
4296,27,1871,0.503628987,116.4959914,3649.782031,1
4296,28,1848,0.63664274,118.211039,3579.72673,1
4296,29,1291,0.74040538,129.7420604,5009.101687,1
4296,30,1239,0.720689836,111.7788539,3186.978303,1
4296,31,1002,0.515910436,129.2644711,5040.20749,1
4296,32,1628,0.594927417,117.8114251,3804.661681,1
4296,33,1342,0.658551946,116.9202683,3838.65786,1
4296,34,1431,0.391534526,112.3689727,3085.688293,1
4296,35,1692,0.511089245,116.8291962,3557.528269,1
4296,36,1343,0.557003459,116.4117647,3821.671473,1
4296,37,1179,0.492898605,120.9949109,3810.418885,1
4296,38,1558,0.589333456,129.8183569,5035.106304,1
4296,39,1671,0.476499685,126.8144823,4813.855991,1
4296,40,981,0.526939872,115.2731906,3928.651654,1
4296,41,552,0.89201397,137.7246377,4279.167975,0
4296,42,1634,0.29999373,117.4167687,3390.11037,1
4296,43,914,0.839713159,116.5634573,3935.135195,1
4296,44,2065,0.402009912,136.4193705,5135.329917,1
4296,45,740,0.735162507,119.4391892,4428.899871,1
4296,46,1669,0.667972482,128.3043739,4377.474072,1
4296,47,1001,0.488428347,115.8571429,3627.554452,1
4296,48,1384,0.53236261,156.6828035,7069.440013,1
4296,49,1422,0.740548506,153.0485232,6714.96188,1
4296,50,2019,0.542752772,135.3427439,5405.436741,1
4296,51,2904,0.437426536,123.101584,4390.795377,1
4296,52,1037,0.47587883,123.31919,4187.620993,1
4296,53,774,0.875577467,131.0064599,5074.179145,1
4296,54,1807,0.485497944,119.9136691,4240.887931,1
4296,55,184,0.721064613,197.9130435,8431.648438,0
4296,56,856,0.827952308,125.6331776,4534.095991,1
4296,57,1819,0.492947682,115.8037383,3749.571881,1
4296,58,1484,0.414276263,117.0411051,4062.468717,1
4296,59,977,0.83308389,114.8996929,3594.031099,1
4296,60,1842,0.419014037,113.1965255,3739.732046,1
4296,61,1634,0.6622558,114.2141983,3159.644598,1
4296,62,1709,0.591098389,113.3206554,3515.786433,1
4296,63,469,0.84475322,172.4477612,5897.772984,1
4296,64,1693,0.412997176,108.3396338,3073.897206,1
4296,65,1790,0.622006276,117.252514,3772.506593,1
4296,66,1663,0.457687782,131.3986771,4958.593635,1
4296,67,1283,0.729041435,115.462198,3740.973341,1
4296,68,1273,0.838483203,126.4925373,4085.602723,1
4296,69,1106,0.580663345,140.6473779,5685.989241,1
4296,70,1508,0.524014226,122.4137931,4475.477207,1
4296,71,1814,0.637226406,122.8770673,4259.010594,1
4296,72,1216,0.535953159,137.3133224,5580.534268,1
4296,73,2749,0.455728718,109.9541652,3183.14597,1
4296,74,1173,0.603633279,121.372549,4271.168221,1
4296,75,784,0.661722738,121.5191327,4341.236136,1
4296,76,885,0.890707079,127.8011299,4353.093739,1
4296,77,890,0.641640183,130.9662921,5075.252539,1
4296,78,1281,0.518103866,134.8743169,5367.505875,1
4297,1,2079,0.544895121,173.3804714,7555.694807,1
4297,2,1788,0.549968453,179.4077181,8052.05644,1
4297,3,1486,0.621499286,183.9784657,8198.147063,1
4297,4,1029,0.811202365,175.3216715,5485.191899,1
4297,5,251,0.995656403,192.2430279,6575.82306,0
4297,6,1691,0.403393067,170.6374926,6898.11575,1
4297,7,1554,0.424227271,175.1550837,7223.781734,1
4297,8,220,0.989037996,191.7318182,6760.285174,0
4297,9,3927,0.696350772,169.2113573,6519.674044,1
4297,10,398,0.982290599,200.9698492,6840.435232,0
4297,11,1506,0.685699035,168.2768924,7327.85318,1
4297,12,1999,0.488561481,172.2646323,7737.646754,1
4297,13,1492,0.408766709,155.3002681,6094.267064,1
4297,14,1783,0.503967355,169.2922042,7531.90666,1
4297,15,1549,0.485134142,157.5848935,6080.665582,1
4297,16,1052,0.546444943,162.4828897,6916.962223,1
4297,17,1184,0.457376871,170.2576014,7491.947092,1
4297,18,2910,0.368687176,166.4106529,7214.116098,1
4297,19,1279,0.497036305,149.5316654,5808.199991,1
4297,20,1083,0.511036554,167.8919668,7303.564783,1
4297,21,1061,0.746078134,163.9679548,7173.127948,1
4297,22,966,0.594852639,168.3084886,7353.705561,1
4297,23,1230,0.786400862,164.304878,6662.555824,1
4297,24,1308,0.657034958,159.7828746,6595.417488,1
4297,25,919,0.664989612,155.5255713,6164.293169,1
4297,26,1335,0.450126222,151.4089888,5795.93227,1
4297,27,787,0.717146622,154.4879288,6250.105759,1
4297,28,1492,0.551508688,155.2064343,6266.6473,1
4297,29,1528,0.325506542,154.5379581,4568.443736,1
4297,30,269,0.975378596,174.3903346,5049.766946,0
4297,31,1050,0.393158239,153.0333333,6305.321188,1
4297,32,1471,0.816006731,157.9775663,6018.946161,1
4297,33,1543,0.407224449,150.3227479,5564.650076,1
4297,34,1251,0.483541788,153.4148681,6020.565127,1
4297,35,1539,0.434535793,157.3073424,5980.705285,1
4297,36,1436,0.580559934,150.3077994,5958.08796,1
4297,37,1466,0.514659649,151.4133697,6012.233982,1
4297,38,1559,0.398039431,160.2700449,6775.542424,1
4297,39,861,0.584509415,160.9221835,7143.652966,1
4297,40,888,0.472221606,177.079955,7310.635639,1
4297,41,1106,0.618677864,158.7576854,6489.109829,1
4297,42,1816,0.460040508,160.6481278,6588.85013,1
4297,43,1820,0.364152972,159.3236264,6842.196127,1
4297,44,1745,0.564891874,162.965043,6953.621134,1
4297,45,1397,0.361558873,155.5590551,5410.393119,1
4297,46,837,0.788479388,155.6953405,5520.643575,1
4297,47,1116,0.652447912,145.6424731,5430.729333,1
4297,48,1583,0.625172398,140.1427669,5092.426485,1
4297,49,1763,0.399051686,157.4798639,5954.449324,1
4297,50,692,0.749136721,159.1199422,6227.366285,1
4297,51,1365,0.622298489,151.3238095,5857.532094,1
4297,52,788,0.627311025,147.1586294,5879.047865,1
4297,53,888,0.566118519,153.6261261,6213.199085,1
4297,54,1544,0.615558179,147.8225389,5303.483814,1
4297,55,927,0.557047086,161.4822006,6898.42954,1
4297,56,1246,0.453591409,157.1444623,5831.348855,1
4297,57,347,0.968121662,185.2161383,5846.52945,0
4297,58,2402,0.433997548,144.6019983,5536.397364,1
4297,59,1804,0.512258262,148.9235033,5853.471437,1
4297,60,1275,0.829816757,157.8894118,5973.662847,1
4297,61,1582,0.721227993,139.0474083,4085.584689,1
4297,62,341,0.968209888,194.0234604,6679.318987,0
4297,63,401,0.9896948,180.9775561,5463.508882,0
4297,64,314,0.990617543,184.8917197,5954.6754,0
4297,65,863,0.516136216,137.7381228,5128.478194,1
4297,66,834,0.692126833,135.1091127,4502.826716,1
4297,67,1585,0.718389905,144.1318612,5455.129861,1
4297,68,576,0.956031309,166.6128472,4811.518494,0
4297,69,384,0.970133165,179.140625,5512.248113,0
4297,70,1739,0.571878488,143.280046,5580.468803,1
4297,71,501,0.729301131,134.4391218,4797.162298,1
4297,72,864,0.505407949,142.9895833,5532.333413,1
4297,73,306,0.965378879,185.9901961,6467.767694,0
4297,74,1240,0.489065916,132.6620968,4740.326942,1
4297,75,1614,0.439491336,133.1257745,4496.541236,1
4297,76,1459,0.722525005,136.111035,4572.560441,1
4297,77,1157,0.493453781,132.9472774,4654.48633,1
4297,78,1242,0.762662719,132.0821256,4319.417731,1
4297,79,1338,0.791603598,128.0769806,3648.416763,1
4297,80,1412,0.607855415,127.1572238,4054.697934,1
4297,81,1343,0.472187999,136.4698436,5129.172895,1
4297,82,1629,0.748833196,133.8704727,4546.690355,1
4297,83,2206,0.487137768,123.9184044,3990.088572,1
4297,84,714,0.554939675,135.0280112,5154.000948,1
4297,85,1103,0.544566689,131.2221215,4767.977784,1
4297,86,800,0.690005166,138.9175,5337.679555,1
4297,87,2386,0.663670904,125.2070411,3892.694694,1
4297,88,1594,0.447627598,143.4510665,5686.388395,1
4297,89,1136,0.861787483,132.4339789,3195.802882,1
4297,90,944,0.845833249,133.8813559,3435.540933,1
4297,91,1548,0.584261432,143.3042636,5230.150202,1
4297,92,2183,0.421498356,136.0366468,4520.350218,1
4297,93,228,0.71930191,157.0350877,5315.182061,0
4297,94,1583,0.662068217,126.8597599,4148.163517,1
4297,95,734,0.681636861,132.4536785,4837.482021,1
4297,96,840,0.829007041,127.7988095,3833.917186,1
4297,97,1440,0.271326632,133.2020833,3592.939116,1
4297,98,1081,0.936034568,126.0157262,3460.329224,1
4297,99,928,0.756543852,124.2338362,3840.412192,1
4297,100,1398,0.468319151,138.9012876,5316.034827,1
4297,101,1690,0.454608958,129.7828402,4407.369508,1
4297,102,221,0.64480963,183.3710407,6561.617301,0
4298,1,1297,0.575641101,165.3932151,7253.187632,1
4298,2,1309,0.335138879,173.381971,7524.036254,1
4298,3,1400,0.748641024,163.3407143,6321.498112,1
4298,4,1100,0.70542926,169.8109091,6921.757121,1
4298,5,1379,0.354251265,163.1899927,6504.210037,1
4298,6,1536,0.501442294,171.7610677,7902.512125,1
4298,7,554,0.857889652,172.566787,7723.92025,1
4298,8,1752,0.382978326,168.4691781,6821.000364,1
4298,9,1037,0.671596513,183.7926712,9000.974808,1
4298,10,1255,0.568819767,167.9370518,7569.704895,1
4298,11,1607,0.403676602,157.1960174,6455.498408,1
4298,12,1245,0.806304396,167.9044177,6144.946371,1
4298,13,1640,0.481592425,175.3463415,7626.718079,1
4298,14,2352,0.715548554,173.0093537,7217.334774,1
4298,15,1501,0.414270732,160.0966023,6025.272642,1
4298,16,1506,0.494746448,166.8525896,7167.691828,1
4298,17,1731,0.338989276,168.3321779,6138.760324,1
4298,18,1488,0.792818523,168.1861559,6535.945428,1
4298,19,2021,0.434289787,182.6521524,8771.641136,1
4298,20,769,0.718371931,154.9622887,5716.490866,1
4298,21,1243,0.364553687,169.2389381,6104.551104,1
4298,22,1362,0.536646255,171.8524229,7366.741206,1
4298,23,931,0.575252522,164.5961332,7190.767131,1
4298,24,1317,0.34322827,161.3135915,6572.244997,1
4298,25,1165,0.56246404,168.1218884,7488.024395,1
4298,26,1340,0.642563708,167.4253731,6008.467573,1
4298,27,356,0.96915756,209.7275281,8110.190668,0
4298,28,1395,0.584795294,146.7749104,5712.281301,1
4298,29,368,0.87914257,194.736413,7512.349789,0
4298,30,1367,0.537015505,157.2852963,6509.969084,1
4298,31,1066,0.712417327,149.8527205,5909.9976,1
4298,32,961,0.494536727,148.5057232,5962.362244,1
4298,33,804,0.701824048,161.6467662,6529.063217,1
4298,34,1365,0.4112662,153.4512821,6374.148503,1
4298,35,863,0.507195093,151.6442642,6205.219786,1
4298,36,827,0.901013544,201.0350665,8980.013919,1
4298,37,1160,0.647401526,160.7862069,6428.932137,1
4298,38,1115,0.524764355,161.3892377,7110.313169,1
4298,39,458,0.823538254,146.3580786,5770.285977,1
4298,40,500,0.801732037,145.91,4898.192334,1
4298,41,1135,0.443466298,152.5180617,6172.903353,1
4298,42,1277,0.381340035,169.8292874,6577.710075,1
4298,43,719,0.63379987,166.2364395,7842.678219,1
4298,44,1338,0.446444001,173.357997,7764.836525,1
4298,45,755,0.664414896,165.2291391,7028.003134,1
4298,46,1752,0.404712739,147.6284247,5995.595859,1
4298,47,1415,0.470957806,165.1943463,7292.774716,1
4298,48,1151,0.405544269,145.0408341,5323.390783,1
4298,49,2100,0.498695391,143.7038095,5371.082313,1
4298,50,751,0.594661231,157.2157124,5726.536289,1
4298,51,251,0.928497725,159.6334661,5494.021853,0
4298,52,929,0.671201434,159.3476857,6750.275859,1
4298,53,1362,0.485378155,148.6116006,5916.70789,1
4298,54,1023,0.340281278,142.7634409,4891.726795,1
4298,55,1196,0.781126288,142.4824415,5017.560531,1
4298,56,900,0.73051183,151.0222222,4312.121664,1
4298,57,1396,0.482839877,151.6375358,6149.338729,1
4298,58,917,0.649933046,158.3227917,5817.999328,1
4298,59,972,0.33005404,172.3220165,6615.030874,1
4298,60,1278,0.523478642,158.4726135,6355.297466,1
4298,61,1442,0.430016524,140.8231623,4649.273165,1
4298,62,556,0.785276722,170.9838129,7377.277544,1
4298,63,1296,0.595033165,135.5887346,4888.528848,1
4298,64,961,0.567450966,153.4776275,6172.144986,1
4298,65,1326,0.520082014,148.9298643,5662.377701,1
4298,66,1486,0.375623962,143.5942127,4974.286749,1
4298,67,1229,0.384912757,153.4043938,5775.822004,1
4298,68,1743,0.322114526,128.1187608,4439.622412,1
4298,69,1544,0.42397341,124.6023316,4018.601126,1
4298,70,1137,0.592668509,156.3685136,6551.757892,1
4298,71,2007,0.392579972,141.5206776,4558.971243,1
4298,72,1315,0.397211795,157.3064639,5894.740573,1
4298,73,1433,0.706233406,129.3007676,4249.294916,1
4298,74,919,0.63094517,158.9912949,5744.04768,1
4298,75,801,0.732117634,141.6566792,4373.228118,1
4298,76,1734,0.481404775,192.4256055,10039.63875,1
4298,77,327,0.945028499,199.0275229,8007.631635,0
4298,78,1867,0.584729143,145.4847349,5740.961118,1
4298,79,1536,0.472261562,140.3372396,5414.771641,1
4298,80,1273,0.615148464,133.9253731,4683.876843,1
4298,81,1781,0.653964299,136.3076923,4969.664591,1
4298,82,1204,0.69830407,133.8430233,4595.109368,1
4298,83,1331,0.597561681,131.567994,4607.793054,1
4298,84,1490,0.773957191,152.9926174,5833.953694,1
4298,85,1007,0.728666528,132.8282026,4842.322516,1
4298,86,354,0.970633394,186.1045198,5781.253778,0
4298,87,1714,0.596265381,157.138273,6606.820383,1
4298,88,1238,0.814244471,129.9660743,3814.785536,1
4298,89,1809,0.424401434,132.6053068,4908.242569,1
4298,90,407,0.965839279,182.022113,6333.035917,0
4300,1,1059,0.344824607,111.3172805,2775.979509,1
4300,2,176,0.647241952,137.3238636,4232.55913,0
4300,3,826,0.251998291,96.63075061,1946.798262,2
4300,4,862,0.467458327,115.8109049,4149.82495,1
4300,5,821,0.682915002,116.682095,3986.545798,1
4300,6,916,0.826929078,107.7281659,3121.937182,1
4300,7,854,0.782849203,105.0796253,2710.327753,1
4300,8,954,0.820896729,110.8542977,3266.686287,1
4300,9,998,0.645407102,113.5360721,3898.26977,1
4300,10,2276,0.39332887,113.1225835,3310.413601,1
4300,11,1199,0.668534206,112.2543786,3542.750125,1
4300,12,1376,0.474299118,114.6315407,3530.56634,1
4300,13,992,0.713003692,117.8387097,4244.119465,1
4300,14,919,0.750065133,118.3699674,3948.053549,1
4300,15,1237,0.546127973,115.0428456,4040.331744,1
4300,16,1385,0.479540837,108.4498195,3349.499208,1
4300,17,1149,0.510817606,114.6031332,3985.427702,1
4300,18,2178,0.427805329,115.0844812,3547.324256,1
4300,19,1025,0.723838705,123.8926829,4314.313622,1
4300,20,1824,0.449631826,108.5992325,3194.906566,1
4300,21,1529,0.345080393,117.8888162,3933.753784,1
4300,22,1768,0.440222571,107.9219457,3151.24452,1
4300,23,598,0.895651913,159.4949833,5774.817402,1
4300,24,633,0.885678114,137.3317536,4885.880686,1
4300,25,1216,0.796495383,117.6422697,3959.217751,1
4300,26,496,0.912022751,133.358871,4566.732819,0
4300,27,1606,0.62145049,113.628269,3635.402847,1
4300,28,188,0.900749083,191,6521.086389,0
4300,29,375,0.931851729,152.0266667,4426.425404,0
4300,30,1361,0.361266014,109.9279941,3307.172647,1
4300,31,977,0.705881379,115.5588536,3662.459368,1
4300,32,1097,0.606580644,120.5979945,4288.324703,1
4300,33,1238,0.728588151,112.6930533,3513.616359,1
4300,34,1571,0.506886259,117.7702101,3630.969419,1
4300,35,1060,0.863167231,118.7179245,3709.939117,1
4300,36,1612,0.475271518,112.119727,3335.329689,1
4300,37,1195,0.801807856,114.5196653,3540.813492,1
4300,38,829,0.546035016,119.774427,4309.973199,1
4300,39,1015,0.702557827,115.8285714,3760.948123,1
4300,40,997,0.50923752,117.6559679,4081.790646,1
4300,41,1577,0.382820595,113.604312,3345.616117,1
4300,42,677,0.729608218,120.379616,4475.648528,1
4300,43,1769,0.422130898,115.5014132,3989.72779,1
4300,44,213,0.936696902,147.370892,4458.454098,0
4300,45,1433,0.425613305,104.0055827,2639.917202,1
4300,46,710,0.840117421,118.6746479,4032.642077,1
4300,47,956,0.662997653,114.3472803,3727.464478,1
4300,48,593,0.865871874,143.856661,4818.602388,1
4300,49,1824,0.31082177,108.6310307,2840.857729,1
4300,50,940,0.592506583,126.0925532,4701.327845,1
4300,51,794,0.593683437,129.1901763,4974.794614,1
4300,52,140,0.817686762,122.1214286,4089.459366,1
4300,53,441,0.887687733,144.0544218,5528.213027,1
4300,54,1399,0.575680786,127.3616869,4940.698283,1
4300,55,416,0.923069477,145.3509615,5794.570122,1
4300,56,1497,0.642933551,121.6853707,3892.955157,1
4300,57,1028,0.58717693,126.020428,4905.154606,1
4300,58,1826,0.611432954,114.873494,3524.763089,1
4300,59,1606,0.573305604,117.6762142,3971.639081,1
4300,60,1378,0.683274165,119.530479,3993.980282,1
4300,61,1207,0.483069374,118.0356255,4322.626614,1
4300,62,2387,0.323437636,113.6644323,3208.598164,1
4300,63,878,0.773958673,114.4544419,3762.470085,1
4300,64,949,0.863811559,113.2644889,2964.925869,1
4300,65,1707,0.285323329,111.4493263,2399.115381,1
4300,66,2106,0.558441352,110.8162393,3414.576003,1
4300,67,399,0.278620361,99.79197995,2513.008076,2
4300,68,1148,0.640097805,114.0888502,3818.783829,1
4300,69,964,0.774627563,119.8973029,4055.024979,1
4300,70,1155,0.684889335,113.2562771,3451.932798,1
4300,71,1109,0.513610155,121.4833183,4088.742378,1
4300,72,830,0.721598329,116.3024096,4036.948878,1
4300,73,968,0.484397466,119.5516529,4411.994625,1
4300,74,1984,0.334433567,120.2857863,4593.032164,1
4300,75,847,0.549667212,124.974026,4944.425608,1
4300,76,1349,0.359878531,114.2979985,3035.743975,1
4300,77,675,0.716030661,129.3940741,5133.522719,1
4300,78,237,0.948280204,170.1181435,5348.287923,0
4300,79,1411,0.525170216,110.3727853,3223.945435,1
4300,80,1577,0.272602432,113.9429296,3158.378837,1
4300,81,1263,0.556280465,121.0197941,4168.851484,1
4301,1,270,0.979004539,193.3,6542.979403,0
4301,2,1519,0.729304011,133.9447005,4226.598753,1
4301,3,1587,0.379640797,139.015753,5063.797306,1
4301,4,257,0.978305665,190.5603113,6436.149025,0
4301,5,1658,0.679586349,170.8178528,7898.264355,1
4301,6,406,0.948139937,171.2413793,5500.984791,0
4301,7,591,0.868035712,129.9441624,4411.655546,1
4301,8,451,0.817650087,140.4478936,5303.50515,1
4301,9,1182,0.761745828,127.8257191,3698.324023,1
4301,10,1060,0.601175997,126.7603774,4479.752223,1
4301,11,1153,0.865742191,129.7189939,4269.713432,1
4301,12,927,0.575884368,129.9395901,4334.806876,1
4301,13,801,0.507654318,123.9350811,4364.100423,1
4301,14,1048,0.89510681,137.4895038,4323.137732,1
4301,15,1393,0.350180709,128.9418521,4497.275572,1
4301,16,789,0.79653222,135.6780735,4580.612375,1
4301,17,886,0.649308377,136.6828442,4856.463695,1
4301,18,652,0.741976885,127.2622699,4199.517406,1
4301,19,1057,0.633403775,125.4247871,4357.570343,1
4301,20,878,0.526611047,145.8041002,5766.296982,1
4301,21,1009,0.365056865,132.1942517,4880.837545,1
4301,22,1081,0.363325461,133.5818686,5237.405668,1
4301,23,869,0.468264063,128.6156502,4629.360039,1
4301,24,1036,0.487620128,132.6718147,4914.923618,1
4301,25,1720,0.350270118,134.8784884,4719.424164,1
4301,26,1474,0.378311909,132.3548168,4709.587911,1
4301,27,870,0.521045015,123.5356322,4495.432483,1
4301,28,1080,0.520737499,159.0222222,6996.754736,1
4301,29,1479,0.576847948,119.5321163,3564.823027,1
4301,30,693,0.668279791,131.7835498,4751.963923,1
4301,31,648,0.686492647,130.617284,4895.606899,1
4301,32,1250,0.398878733,136.7072,5108.799683,1
4301,33,1162,0.566570967,141.8287435,5568.979335,1
4301,34,804,0.563663485,120.2574627,4333.153531,1
4301,35,978,0.867085694,117.7280164,3335.635487,1
4301,36,977,0.79120252,119.2784033,3547.19022,1
4301,37,1154,0.355914808,138.440208,4927.311404,1
4301,38,843,0.678167923,129.4958482,4721.57535,1
4301,39,639,0.811122794,154.9311424,6497.327891,1
4301,40,1231,0.38969547,137.9455727,5081.907629,1
4301,41,1183,0.291145638,134.8402367,4483.123013,1
4301,42,236,0.976379195,199.5042373,8135.124247,0
4301,43,870,0.418776909,133.4517241,5233.977537,1
4301,44,1764,0.509171584,119.6938776,3865.935187,1
4301,45,815,0.545236798,140.2343558,5586.555761,1
4301,46,939,0.748789216,123.3365282,4092.02258,1
4301,47,1475,0.475970483,124.2555932,4290.61056,1
4301,48,1072,0.637226663,137.9794776,5137.017953,1
4301,49,517,0.948329349,170.5473888,5906.898038,1
4301,50,421,0.91735599,166.1805226,6322.55126,1
4301,51,1697,0.492397258,127.3830289,4424.151461,1
4301,52,1638,0.402914747,122.0494505,4113.785426,1
4301,53,1116,0.869327118,128.4238351,2945.530449,1
4301,54,2082,0.594032941,122.9817483,4082.045358,1
4301,55,2816,0.257940483,136.6736506,4917.756817,1
4301,56,616,0.890118586,154.5211039,5524.765898,1
4301,57,605,0.877449354,137.7504132,5050.669462,1
4301,58,1078,0.642568694,121.3682746,4174.293052,1
4301,59,1470,0.603220608,134.5068027,5096.095371,1
4301,60,300,0.929122367,184.59,6771.103478,0
4301,61,915,0.555413601,125.2437158,4403.175608,1
4301,62,438,0.776653444,121.43379,3759.259888,1
4301,63,1186,0.469507298,123.1593592,4085.133865,1
4301,64,1155,0.477148159,122.5367965,4219.978949,1
4301,65,4249,0.30446094,114.8599671,3466.10945,1
4301,66,573,0.858208271,109.8830716,2628.035118,1
4301,67,1172,0.399292873,126.190273,4836.313928,1
4301,68,857,0.455141049,129.8448075,4752.984989,1
4301,69,855,0.804855616,118.5473684,3887.076697,1
4301,70,774,0.792106616,134.250646,5315.847422,1
4301,71,929,0.445478869,138.5220667,5309.194948,1
4301,72,1115,0.697018157,114.4834081,3536.287241,1
4301,73,971,0.791974738,125.3686921,4633.049487,1
4302,1,2010,0.326906903,156.3597015,6671.927732,1
4302,2,1033,0.359493885,130.195547,4731.378296,1
4302,3,1383,0.518379714,141.978308,5448.482143,1
4302,4,819,0.803388265,142.0842491,5165.375918,1
4302,5,938,0.619367477,144.7057569,5987.009238,1
4302,6,1486,0.495525742,168.80821,7356.248515,1
4302,7,733,0.503683994,146.4447476,5566.618161,1
4302,8,1526,0.510293668,131.1186107,4646.054286,1
4302,9,999,0.631865641,138.8328328,5585.518523,1
4302,10,740,0.652766536,151.3675676,4821.701233,1
4302,11,1474,0.435359202,137.3215739,4903.454368,1
4302,12,730,0.536921245,154.2821918,6358.83179,1
4302,13,783,0.55698728,127.844189,4711.623374,1
4302,14,777,0.644823201,163.4761905,7398.348507,1
4302,15,1047,0.459370266,149.0916905,5720.40449,1
4302,16,2304,0.62637703,157.1501736,6231.275974,1
4302,17,1691,0.59771536,128.2306328,4406.401176,1
4302,18,785,0.614806585,138.9426752,5126.102393,1
4302,19,769,0.770608686,151.5955787,5952.556094,1
4302,20,1755,0.53190739,129.0729345,4483.186773,1
4302,21,2128,0.463841392,134.4971805,4647.762013,1
4302,22,383,0.974299199,189.5561358,5539.24799,0
4302,23,1461,0.689352375,146.3887748,4961.736872,1
4302,24,1323,0.578159818,134.3106576,5269.849893,1
4302,25,2108,0.448103215,160.9767552,6974.556662,1
4302,26,1477,0.552185413,146.6066351,5386.264485,1
4302,27,1739,0.784005903,161.0925819,6071.13669,1
4302,28,1584,0.768923165,129.4450758,4442.885954,1
4302,29,1941,0.666242767,159.0061824,6681.39096,1
4302,30,1389,0.563068237,126.3974082,4272.763059,1
4302,31,1006,0.789144051,137.6312127,4882.344984,1
4302,32,819,0.561404484,134.7289377,4941.518469,1
4302,33,428,0.968338904,177.885514,5177.812324,0
4302,34,1187,0.664618024,165.9149115,7035.974419,1
4302,35,834,0.725933887,136.8501199,4796.703623,1
4302,36,1580,0.433282844,132.7651899,4381.262343,1
4302,37,958,0.880763907,162.7943633,5464.861125,1
4302,38,1435,0.482715711,147.9728223,5891.241782,1
4302,39,1417,0.502693014,154.4446013,6078.792211,1
4302,40,2153,0.671324964,125.7436136,4048.334926,1
4302,41,725,0.605449443,157.9875862,5990.611427,1
4302,42,1260,0.601031226,143.1603175,5598.884874,1
4302,43,1271,0.528614475,138.8387097,5225.648264,1
4302,44,921,0.498250036,165.155266,6748.002946,1
4302,45,505,0.902801507,169.229703,6411.423497,0
4302,46,1970,0.374873893,119.3619289,3373.116987,1
4302,47,638,0.945516604,187.0485893,6752.775157,0
4302,48,977,0.761756749,150.8720573,5777.255776,1
4302,49,1865,0.476166478,117.9485255,3695.139638,1
4302,50,1728,0.843289164,134.5266204,3538.583834,1
4302,51,1455,0.515300733,128.7731959,4458.243134,1
4302,52,1755,0.503116217,117.0011396,3712.023364,1
4302,53,1577,0.512660181,123.8566899,4354.945156,1
4302,54,767,0.565363954,174.1734029,7663.382333,1
4302,55,1370,0.753095514,126.6547445,4295.972831,1
4302,56,1848,0.414059443,126.7045455,4726.612418,1
4302,57,1416,0.520174262,137.7196328,5399.680126,1
4302,58,372,0.978671869,160.327957,4530.527726,0
4302,59,1458,0.663892812,163.026749,6940.547416,1
4302,60,1280,0.482358457,143.1195313,5621.586903,1
4302,61,3267,0.434283486,125.6669728,4054.256457,1
4302,62,485,0.961938955,191.9340206,6862.532495,0
4302,63,1413,0.516127228,149.9079972,6215.629047,1
4302,64,2560,0.383141741,126.9308594,4478.387685,1
4302,65,946,0.682874085,161.4270613,5513.626075,1
4302,66,2119,0.761809068,146.8206701,5314.877681,1
4302,67,980,0.656020638,143.5183673,4498.066469,1
4302,68,962,0.633907907,153.1725572,6339.734576,1
4302,69,1079,0.550828215,145.7126969,5706.035246,1
4302,70,1608,0.87827832,163.858209,6195.397517,1
4302,71,1614,0.433643432,121.8934325,4156.166834,1
4302,72,1277,0.634326028,148.1879405,5830.94208,1
4302,73,871,0.7690824,169.0642939,7784.281151,1
4302,74,3315,0.404337164,152.7215686,6322.499514,1
4302,75,2169,0.44647847,123.285846,3882.097495,1
4302,76,338,0.966730883,190.4023669,6224.48585,0
4302,77,950,0.595961208,120.4,4162.916799,1
4302,78,2231,0.458076925,124.0452712,4039.28872,1
4302,79,1063,0.483481911,122.8363123,4342.87518,1
4302,80,985,0.776952663,121.6111675,3740.558961,1
4302,81,1038,0.748478146,121.5472062,3688.281548,1
4302,82,1305,0.828259191,132.3318008,4056.808386,1
4302,83,1963,0.588738367,166.7605706,7599.768162,1
4302,84,1942,0.717619277,143.3898043,5147.379447,1
4302,85,970,0.797381845,158.4814433,6388.836975,1
4302,86,1213,0.599630506,139.3561418,5427.392423,1
4302,87,1995,0.406970894,162.3082707,7340.654143,1
4302,88,772,0.891338918,210.9805699,9417.970062,1
4302,89,2098,0.709387497,133.093899,4174.781746,1
4302,90,2141,0.530132295,157.0770668,6816.140148,1
4302,91,1789,0.7394162,138.1716042,4657.11962,1
4302,92,675,0.903152978,163.8044444,6889.351412,1
4302,93,701,0.849348275,167.1840228,6615.416843,1
4305,1,345,0.581367261,89.06376812,2044.656864,1
4305,2,349,0.973701613,171.6475645,5185.907722,0
4305,3,420,0.937983991,162.5928571,5868.569255,0
4305,4,101,0.679670333,172.8019802,6562.284317,0
4305,5,581,0.538620659,108.1497418,3464.237124,1
4305,6,721,0.710668927,121.6837725,4119.662342,1
4305,7,1189,0.306770005,109.980656,3250.8299,1
4305,8,2161,0.210800745,107.2267469,2264.12095,1
4305,9,330,1.003493015,186.0575758,5335.101413,0
4305,10,1651,0.324291367,107.7716535,2845.342066,1
4305,11,213,0.997578053,177.0093897,4854.202476,0
4305,12,680,0.436450593,101.8132353,2692.361712,1
4305,13,1140,0.543395872,111.0122807,3495.81836,1
4305,14,1310,0.464733838,111.3335878,3360.29561,1
4305,15,1754,0.352476444,109.2668187,3164.424168,1
4305,16,446,0.971830811,179.2892377,5430.841049,0
4305,17,633,0.955216499,163.3981043,4902.704266,0
4305,18,2803,0.465360093,123.7120942,4113.14004,1
4305,19,1565,0.724279188,113.2127796,3437.41707,1
4305,20,1668,0.547966185,112.192446,3494.455958,1
4305,21,1474,0.714110249,113.5373134,3444.186695,1
4305,22,599,0.950030792,148.2537563,4479.433038,0
4305,23,1514,0.466945424,109.4821664,3382.190204,1
4305,24,1133,0.628508244,111.2171227,3641.546581,1
4305,25,946,0.398231797,107.2219873,3355.467184,1
4305,26,920,0.831956944,112.148913,3350.890853,1
4305,27,1335,0.259724769,117.0599251,3344.322431,1
4305,28,653,0.309543762,126.6079632,3901.70988,1
4305,29,1883,0.398681303,125.4020181,4670.988522,1
4305,30,1075,0.323533792,109.5972093,3093.435917,1
4305,31,2382,0.553495486,107.8862301,3223.225893,1
4305,32,169,0.656642867,174.3786982,7074.439392,0
4305,33,1104,0.54790176,109.9311594,3430.019365,1
4305,34,1024,0.721593972,108.7070313,3341.209086,1
4305,35,1006,0.659339009,113.4264414,3873.407392,1
4305,36,1198,0.620345374,114.4490818,3950.966233,1
4305,37,831,0.77668429,111.0902527,3497.094319,1
4305,38,687,0.946635586,159.294032,5015.574414,0
4305,39,1001,0.667306313,115.4955045,4097.157648,1
4305,40,1083,0.761617647,115.4755309,3618.129882,1
4305,41,1664,0.45925816,110.2445913,3404.501131,1
4305,42,863,0.757653581,113.1494786,3619.585355,1
4305,43,370,0.852068895,112.9486486,3380.312882,1
4305,44,176,0.798543211,134.0340909,4351.848264,0
4305,45,684,0.650130495,124.0804094,4846.707602,1
4305,46,888,0.698798268,116.4831081,3928.919994,1
4305,47,482,0.976203015,178.4024896,5377.799722,0
4305,48,1422,0.314651509,112.4486639,3248.152205,1
4305,49,975,0.479556925,113.4964103,3848.50123,1
4305,50,1732,0.5123533,113.7546189,3580.757189,1
4305,51,1767,0.229704442,116.7385399,2371.051185,1
4305,52,679,0.687595277,129.2857143,5238.4365,1
4305,53,814,0.790691263,113.4299754,3509.898099,1
4305,54,1027,0.855666396,116.9415774,3652.145429,1
4305,55,312,0.966287261,159.0897436,5405.6519,0
4305,56,1124,0.589030758,117.6912811,4047.998927,1
4305,57,360,0.980046971,138.2722222,4329.250782,0
4305,58,117,0.503429705,200.2478632,8722.700645,0
4305,59,799,0.583702272,119.7521902,4043.396433,1
4305,60,210,0.974377772,122.5238095,3119.843804,0
4305,61,700,0.652383342,121.3728571,4206.41789,1
4305,62,1711,0.360528462,109.4383402,2920.641812,1
4305,63,1353,0.35727292,114.4722838,2859.443771,1
4305,64,1060,0.454305966,114.0188679,3562.328612,1
4305,65,1126,0.657019668,117.6891652,4058.157919,1
4305,66,1052,0.742114735,114.5028517,3754.075064,1
4305,67,823,0.650875089,119.7691373,4093.297567,1
4305,68,891,0.711582355,114.6228956,3977.32244,1
4305,69,652,0.666043858,127.0674847,4974.078179,1
4305,70,1640,0.315148009,111.7646341,3163.348687,1
4305,71,2724,0.45525659,118.5965492,3864.855339,1
4305,72,329,0.957844599,151.2158055,4451.36678,0
4305,73,875,0.562989033,123.4834286,4344.196122,1
4305,74,1170,0.499411656,115.4376068,3786.708147,1
4305,75,1143,0.432156955,118.6185477,4181.71482,1
4305,76,332,0.966578744,181.2861446,5633.972851,0
4305,77,877,0.578492597,132.0935006,5373.001379,1
4305,78,969,0.645973843,117.6336429,3952.371871,1
4305,79,1364,0.500620983,115.1048387,3604.174721,1
4305,80,765,0.557654531,137.0888889,5601.826832,1
4305,81,817,0.755942151,122.9106487,4530.083942,1
4305,82,1478,0.531159,115.02977,3851.917414,1
4305,83,1341,0.507250427,117.4683072,3847.117042,1
4305,84,1245,0.712713166,114.1036145,3528.421811,1
4305,85,1380,0.536783204,116.4949275,3890.249164,1
4305,86,2224,0.528007022,113.9401978,3667.731277,1
4305,87,204,0.97740858,197.4803922,6641.482107,0
4305,88,324,0.960336614,141.2716049,4184.566304,0
4305,89,1342,0.441162733,135.5670641,5194.023091,1
4305,90,1398,0.324450746,115.5736767,3525.645767,1
4305,91,1244,0.34747022,108.9662379,2821.781008,1
4305,92,1633,0.390503005,114.642376,3378.591282,1
4305,93,1721,0.609506915,113.6507844,3395.424891,1
4305,94,1083,0.545973673,111.6934441,3836.975014,1
4305,95,1310,0.588633566,116.3045802,3959.911322,1
4305,96,1808,0.700767871,111.4181416,3263.630763,1
4305,97,1165,0.841711163,108.7991416,2704.558329,1
4305,98,803,0.709039227,116.8206725,4303.599437,1
4305,99,879,0.724240129,127.2093288,4763.582128,1
4305,100,1477,0.587905066,117.1015572,3889.301619,1
4305,101,726,0.792022268,110.5826446,3491.225323,1
4305,102,772,0.644699269,120.9935233,4460.20759,1
4305,103,578,0.78840845,130.6038062,5554.584387,1
4305,104,1091,0.664486525,119.6865261,4391.345446,1
4305,105,1548,0.501780635,117.255168,3716.235295,1
4305,106,1379,0.721726024,121.2248006,4062.183759,1
4305,107,1872,0.575805897,112.1282051,3255.546101,1
4305,108,1660,0.773067038,112.8114458,3210.84096,1
4305,109,661,0.756730336,118.4160363,4128.44805,1
4305,110,1224,0.745059818,119.7687908,4207.568411,1
4305,111,1149,0.515013631,113.7110531,3770.750538,1
4305,112,1766,0.476618788,110.3907135,3335.519158,1
4305,113,1720,0.46593858,111.1447674,3083.020858,1
4305,114,324,1.003452156,142.2098765,4058.0139,0
4305,115,119,1.027890408,150.7226891,4239.28858,0
4305,116,476,0.96405111,181.7058824,5648.416489,0
4305,117,566,0.984155793,163.3162544,4505.879768,0
4305,118,493,0.957766076,165.831643,5415.074852,0
4306,1,415,0.347706208,123.0120482,3181.083288,2
4306,2,1564,0.361778924,140.0914322,4386.415733,1
4306,3,254,0.851830851,201.6338583,6175.410472,0
4306,4,1374,0.682151838,142.0305677,5048.548881,1
4306,5,268,0.952698671,190.6940299,6462.502787,0
4306,6,1339,0.393631373,137.3801344,4901.352539,1
4306,7,1641,0.500640673,152.3083486,6335.227024,1
4306,8,1802,0.469830137,150.0321865,6041.848031,1
4306,9,471,0.968272499,182.0934183,5977.813456,0
4306,10,1707,0.58828661,136.5811365,4623.04209,1
4306,11,962,0.817024154,152.8544699,5790.605289,1
4306,12,890,0.814860356,150.0617978,5498.732941,1
4306,13,2223,0.463571023,139.9703104,5272.789939,1
4306,14,210,0.996689182,171.0333333,5460.817569,0
4306,15,1450,0.734452028,152.9,6208.040609,1
4306,16,327,0.952021835,193.6146789,6608.057325,0
4306,17,389,0.96664086,188.4601542,5902.067221,0
4306,18,1563,0.596362321,145.4568138,5748.191083,1
4306,19,1250,0.434361924,125.4224,4018.580384,1
4306,20,388,0.973528543,191.1134021,6702.126732,0
4306,21,664,0.772768021,149.1445783,5793.508976,1
4306,22,1159,0.564901034,150.1872304,5859.97268,1
4306,23,677,0.625010377,143.9793205,5462.185255,1
4306,24,1383,0.428549067,134.8763557,4689.875284,1
4306,25,1084,0.508700627,132.9815498,4839.575921,1
4306,26,1526,0.451780142,131.1847969,4828.977218,1
4306,27,1526,0.428626398,132.4875491,4363.934479,1
4306,28,1477,0.526691103,124.083954,4007.676054,1
4306,29,1402,0.507371603,130.3166904,4464.314495,1
4306,30,2062,0.458678848,125.9898157,4132.990565,1
4306,31,1194,0.344408697,139.6507538,4130.308031,1
4306,32,1184,0.4150358,127.7010135,4473.181327,1
4306,33,1756,0.343708801,119.1013667,3631.060792,1
4306,34,1205,0.730065139,132.1925311,4293.722681,1
4306,35,1216,0.277857379,125.4991776,3574.851357,1
4306,36,1589,0.374412381,141.6356199,4790.910362,1
4306,37,1309,0.377686915,141.1428571,5212.984865,1
4306,38,1137,0.938342398,181.6253298,6338.113292,1
4306,39,465,0.976522443,185.8731183,5587.193086,0
4306,40,2379,0.57081029,128.4115174,4259.614973,1
4306,41,1323,0.402661004,132.8624339,4935.377688,1
4306,42,1519,0.452535339,122.7162607,4083.549662,1
4306,43,1104,0.575248904,128.6811594,4533.366925,1
4306,44,1908,0.521151893,116.2348008,3423.912798,1
4306,45,1370,0.495256702,125.7408759,4269.928793,1
4306,46,1141,0.438374182,149.1568799,6026.071069,1
4306,47,1024,0.848419138,145.8701172,4937.578244,1
4306,48,467,0.931911007,145.8865096,4417.882789,0
4306,49,1028,0.561050765,118.9377432,3684.725035,1
4306,50,1961,0.358422344,127.0739419,4348.366138,1
4306,51,2494,0.480922817,125.92502,4258.472034,1
4306,52,1479,0.55796414,119.4874915,3817.02614,1
4306,53,855,0.762045751,129.328655,4323.578339,1
4306,54,1844,0.567290206,121.3465293,3831.864078,1
4306,55,1401,0.666154514,120.3533191,3597.692563,1
4306,56,1268,0.660348457,122.555205,4046.998989,1
4306,57,1701,0.517494936,108.9047619,3137.927109,1
4306,58,2268,0.721487066,118.1723986,3548.700004,1
4306,59,1940,0.551403152,117.9546392,3614.352135,1
4306,60,1434,0.591442934,117.5990237,3667.224401,1
4306,61,1779,0.52962706,113.1703204,3290.863182,1
4306,62,448,0.976188797,178.5178571,5685.866992,0
4306,63,425,0.940525852,180.6211765,6169.897921,0
4306,64,1888,0.365623745,114.6191737,2939.98395,1
4306,65,1901,0.420347938,116.6733298,3439.833436,1
4306,66,1042,0.688748797,116.0489443,3687.470418,1
4306,67,786,0.804992078,120.8167939,3298.604095,1
4306,68,885,0.774744355,126.6937853,4651.398644,1
4306,69,1163,0.516168544,114.4548581,3679.163281,1
4306,70,1387,0.43064783,118.9552992,3881.833249,1
4306,71,984,0.567009265,120.7245935,4113.911455,1
4306,72,785,0.84442803,117.7350318,3510.632422,1
4306,73,1205,0.57437897,129.4854772,4850.435421,1
4306,74,1169,0.740883768,115.0034217,3325.415645,1
4306,75,1079,0.558725091,121.4226135,4211.941467,1
4306,76,898,0.781641044,142.8541203,5603.286924,1
4306,77,790,0.458853926,134.8860759,5431.820531,1
4306,78,878,0.49249861,131.7004556,5120.313625,1
4306,79,388,0.948465709,168.2860825,5170.1806,0
4306,80,580,0.622749898,117.9448276,3968.682866,1
4306,81,1072,0.491976564,132.8535448,5152.663025,1
4306,82,2013,0.347237411,113.1629409,3065.537989,1
4306,83,421,0.961333782,165.5368171,5403.300721,0
4306,84,3515,0.351132577,120.7997155,3478.27594,1
4306,85,1371,0.642268061,114.2742524,3543.739671,1
4306,86,1726,0.64598363,130.5753187,4865.153153,1
4306,87,1060,0.613110311,114.8283019,3879.932461,1
4306,88,1119,0.58231082,114.3002681,3685.163964,1
4306,89,1614,0.481227518,114.1654275,3751.105268,1
4306,90,1013,0.839872979,119.3139191,2819.612376,1
4306,91,1234,0.34719179,108.2536467,3446.037336,1
4306,92,291,0.817785597,138.257732,4369.747074,0
4306,93,687,0.754291194,109.3770015,3062.499208,1
4306,94,864,0.740911919,113.2488426,3401.94444,1
4306,95,1610,0.508647958,110.2192547,3481.839192,1
4306,96,1127,0.576375999,110.2945874,3407.678027,1
4306,97,1198,0.350392779,114.4382304,3070.077161,1
4306,98,1154,0.554345052,133.6559792,5449.042648,1
4307,1,321,0.741957598,150.9750779,5655.474227,1
4307,2,1031,0.564227224,140.1668283,5263.703852,1
4307,3,1049,0.531180615,137.6367969,4967.845171,1
4307,4,687,0.724186558,150.4934498,5361.587281,1
4307,5,1141,0.663044786,147.0543383,5936.909641,1
4307,6,829,0.597396167,151.3667069,6018.855697,1
4307,7,743,0.84278069,142.9461642,5026.304593,1
4307,8,904,0.609083655,136.6371681,5197.450145,1
4307,9,885,0.75162825,139.6632768,5369.01857,1
4307,10,908,0.759517297,169.6927313,7230.219696,1
4307,11,1696,0.378090834,143.3685142,4815.759753,1
4307,12,1847,0.345066889,132.6464537,4321.488163,1
4307,13,864,0.566271276,147.5196759,6031.081582,1
4307,14,1417,0.716554139,156.3373324,6172.559634,1
4307,15,648,0.867026859,157.904321,6358.574263,1
4307,16,970,0.497886474,155.2979381,6789.045008,1
4307,17,1248,0.423616579,140.2227564,5183.519156,1
4307,18,1395,0.397930671,137.2508961,5085.884521,1
4307,19,1131,0.522748189,147.2997347,5635.959531,1
4307,20,1616,0.419590648,137.7450495,5004.944581,1
4307,21,278,0.910534645,188.1870504,7881.699335,0
4307,22,936,0.892313221,149.5598291,5032.929363,1
4307,23,1048,0.60161925,121.523855,3915.769532,1
4307,24,264,0.957248883,182.6363636,6247.104955,0
4307,25,1078,0.754155614,146.6985158,5722.231886,1
4307,26,1038,0.734124902,122.4046243,3844.43754,1
4307,27,1250,0.407016769,129.268,4109.105559,1
4307,28,1460,0.661452206,131.5684932,4699.502424,1
4307,29,1381,0.461747648,129.8182476,4194.216125,1
4307,30,295,0.757821019,169.4576271,6624.892013,1
4307,31,1408,0.361216729,127.9801136,3626.071793,1
4307,32,892,0.532435623,145.8901345,5394.240853,1
4307,33,895,0.848583201,171.7865922,7638.215215,1
4307,34,1054,0.729871541,127.2865275,4509.493602,1
4307,35,1030,0.753611807,128.323301,4320.571195,1
4307,36,1126,0.653065102,141.4111901,5273.004027,1
4307,37,1596,0.492379333,136.7694236,4866.611637,1
4307,38,1105,0.337389652,143.961991,4086.498172,1
4307,39,1494,0.444832354,148.8453815,6086.869483,1
4307,40,996,0.378147007,145.1345382,4572.582018,1
4307,41,1686,0.388992461,136.9857651,4668.808943,1
4307,42,311,0.93861716,176.1575563,6724.38578,0
4307,43,777,0.493147426,137.967825,5239.490134,1
4307,44,716,0.528584747,151.7835196,6017.736384,1
4307,45,1525,0.582508445,137.5980328,5014.831025,1
4307,46,1400,0.446904214,115.27,3749.181336,1
4307,47,2982,0.254331103,134.4714956,3853.184401,1
4307,48,1502,0.458500154,145.6964048,5677.778625,1
4307,49,2275,0.336858976,128.5564835,3923.580916,1
4307,50,980,0.375509424,125.2387755,3870.780061,1
4307,51,1894,0.489926068,131.6050686,4681.423639,1
4307,52,764,0.379953727,130.3075916,4051.24,1
4307,53,2167,0.468018323,130.1176742,4331.871699,1
4307,54,482,0.613948395,142.2717842,5571.984955,1
4307,55,468,0.83465335,189.3354701,6623.994253,0
4307,56,811,0.730893401,126.5203453,4398.810844,1
4307,57,992,0.343468961,121.421371,3624.853017,1
4307,58,1038,0.597599671,136.305395,4779.595161,1
4307,59,2025,0.444452057,130.7017284,4449.146873,1
4307,60,901,0.517729069,111.336293,3747.737902,1
4307,61,888,0.706919023,116.8795045,3673.029768,1
4307,62,1690,0.79977928,137.8964497,4686.551085,1
4307,63,1146,0.81943313,128.1561955,3597.484572,1
4307,64,746,0.91179822,117.3512064,3280.991084,1
4307,65,1947,0.371403429,135.2280431,4386.120937,1
4307,66,905,0.736949381,113.3569061,3447.69227,1
4307,67,1252,0.480265379,117.6078275,3975.277576,1
4307,68,2124,0.566104191,128.0103578,4335.041608,1
4307,69,1204,0.557889374,120.1553156,4145.220602,1
4307,70,1827,0.457464942,128.3711002,4749.719538,1
4307,71,1999,0.400344132,122.837919,3760.867245,1
4307,72,716,0.87167129,120.1187151,2908.752932,1
4307,73,852,0.757182153,127.5809859,4169.042202,1
4307,74,968,0.877478143,124.0640496,3474.15545,1
4307,75,852,0.761571172,125.7335681,4406.907914,1
4307,76,581,0.946226719,211.1652324,8444.901926,0
4307,77,613,0.932032149,205.7960848,9119.216942,0
4307,78,117,0.968104795,185.1196581,7657.801241,0
4307,79,3109,0.31744321,128.1756192,3702.667088,1
4307,80,1225,0.441381366,135.3183673,5480.097879,1
4307,81,1545,0.322713276,109.7669903,2915.034063,1
4307,82,1394,0.492210319,112.2030129,3282.88111,1
4307,83,936,0.695342451,122.1912393,4225.968702,1
4307,84,1312,0.692838168,134.5876524,4809.227785,1
4307,85,1261,0.698580302,126.4900872,4226.26805,1
4307,86,1282,0.460431161,128.9789392,4650.487171,1
4309,1,1052,0.43622603,97.17205323,2438.580512,1
4309,2,1359,0.61290388,113.714496,3745.510508,1
4309,3,839,0.641244601,112.4123957,3762.369374,1
4309,4,1634,0.432201582,104.6505508,3013.19332,1
4309,5,1130,0.620341375,113.9814159,3633.031691,1
4309,6,1432,0.617492244,114.2318436,3795.544932,1
4309,7,285,0.87597996,114.0280702,3341.399808,0
4309,8,1674,0.417938186,108.6917563,3014.380273,1
4309,9,1007,0.593794564,105.1469712,2860.245541,1
4309,10,1200,0.543699152,117.3341667,4110.467876,1
4309,11,663,0.752037144,120.8853695,4212.245588,1
4309,12,773,0.630480404,97.8538163,2557.554639,1
4309,13,320,0.973084136,141.53125,3873.247417,0
4309,14,1386,0.455050416,110.5858586,3678.127153,1
4309,15,180,0.956577071,169.4055556,6119.026233,0
4309,16,1568,0.544863598,107.6014031,3185.866139,1
4309,17,264,0.976587249,174.6780303,5768.327939,0
4309,18,580,0.944598101,168.6051724,5377.567067,0
4309,19,2065,0.378420787,108.3065375,3199.262388,1
4309,20,1663,0.539998314,114.4239327,3522.138838,1
4309,21,1631,0.458273003,118.0122624,3928.630783,1
4309,22,149,1.04226065,154.3691275,3937.059564,0
4309,23,1226,0.413626587,129.0799347,4942.496476,1
4309,24,987,0.676564378,124.1641337,4495.472323,1
4309,25,1591,0.408843298,125.8786926,4675.037661,1
4309,26,529,0.945706925,167.4310019,5551.291777,0
4309,27,1187,0.357490122,112.020219,3477.340304,1
4309,28,873,0.470238171,118.6426117,4089.63136,1
4309,29,1091,0.486194102,111.355637,3597.018643,1
4309,30,426,0.957568605,186.8004695,6323.240309,0
4309,31,1693,0.421391779,110.3384525,3182.289221,1
4309,32,239,0.93993375,175.9539749,6969.492137,0
4309,33,1221,0.890060369,115.2628993,3468.24545,1
4309,34,148,1.007231958,165.2432432,4722.431832,0
4309,35,309,0.982382519,170.5080906,4821.3275,0
4309,36,886,0.758517689,108.2460497,3096.040487,1
4309,37,858,0.84570588,109.9044289,3090.265801,1
4309,38,588,0.866842255,182.5935374,7984.388671,1
4309,39,571,0.868173503,182.6042032,7790.630203,1
4309,40,1102,0.601107809,110.3892922,3629.48067,1
4309,41,955,0.435908601,113.6052356,3643.469545,1
4309,42,228,1.002661472,171.7763158,5349.751368,0
4309,43,748,0.857975561,112.4171123,3346.719917,1
4309,44,915,0.849724425,110.3377049,2872.724011,1
4309,45,1072,0.438387674,103.369403,3136.065224,1
4309,46,1014,0.892340006,112.0690335,2603.619877,1
4309,47,1144,0.804589168,112.3024476,3192.298243,1
4309,48,1199,0.718496808,111.1334445,3241.943812,1
4309,49,372,0.955625149,177.7983871,5971.064465,0
4309,50,400,0.971215041,165.7275,4897.531523,0
4309,51,1401,0.627967012,113.780157,3671.84559,1
4309,52,1310,0.91178507,108.6572519,2987.269415,1
4309,53,1275,0.52844322,109.8227451,3451.780136,1
4309,54,254,0.966885754,170.7204724,5281.9146,0
4309,55,202,0.980927191,179.3910891,6722.29897,0
4309,56,1389,0.56580552,120.6256299,4510.798609,1
4309,57,1191,0.555812774,121.9958018,4575.904104,1
4309,58,1371,0.473693361,119.5207877,4277.431002,1
4309,59,1436,0.459053511,119.9171309,4319.125534,1
4309,60,1093,0.397337606,119.4537969,3644.763499,1
4309,61,953,0.581249102,119.4176285,4138.443362,1
4309,62,311,0.963190187,141.9356913,4268.858975,0
4309,63,1301,0.64394373,110.859339,3564.015397,1
4309,64,1786,0.557449054,114.4272116,3812.784133,1
4309,65,1152,0.582240331,116.0616319,4039.140348,1
4309,66,1554,0.339578596,117.4414414,2913.579637,1
4309,67,627,0.752499548,121.5725678,4652.061538,1
4309,68,1721,0.395081819,112.0360256,3608.369984,1
4309,69,1617,0.437578395,116.5609153,3421.923097,1
4309,70,456,0.820519773,118.6798246,4377.346151,1
4309,71,663,0.844497482,126.9864253,4866.063996,1
4309,72,1177,0.349962487,113.3891249,3150.980786,1
4309,73,850,0.808910326,115.8623529,3689.689654,1
4309,74,1259,0.36716519,116.0047657,3905.87169,1
4309,75,1198,0.349854558,122.5083472,4107.480603,1
4309,76,409,0.940071872,167.99511,5579.227211,0
4309,77,881,0.488334356,126.76958,5003.969397,1
4309,78,1235,0.539929489,112.7497976,3661.335608,1
4309,79,1433,0.414759132,123.3600837,4769.748121,1
4309,80,308,0.896705582,207.2337662,8841.956327,1
4309,81,1300,0.41112379,112.29,3634.890619,1
4309,82,1053,0.428763293,119.9192783,4277.913478,1
4309,83,1686,0.479667572,116.0682088,3837.728367,1
4309,84,258,0.965729985,182.3023256,7298.000107,0
4309,85,1356,0.635241058,110.54941,3119.007817,1
4309,86,299,0.968554978,181.3110368,5892.249695,0
4309,87,790,0.686822505,117.7291139,4266.221921,1
4309,88,306,0.991230178,181.5784314,5986.663958,0
4309,89,909,0.848115183,117.8987899,3786.373821,1
4309,90,1820,0.455204516,116.3,3472.021841,1
4309,91,1262,0.462387627,115.0110935,3853.382944,1
4309,92,939,0.509412046,112.7284345,3986.328314,1
4309,93,904,0.69354617,118.4690265,4121.266279,1
4309,94,1541,0.586399136,112.9454899,3514.38914,1
4309,95,605,0.827686755,137.4892562,4870.364851,1
4309,96,1611,0.457710738,113.3612663,3498.668317,1
4309,97,1780,0.454173496,115.1044944,3799.550716,1
4309,98,1830,0.601185922,113.452459,3483.359582,1
4309,99,634,0.878061778,179.5883281,5904.81018,0
4309,100,178,0.61974212,162.1404494,5236.73005,0
4310,1,745,0.728588272,146.9718121,4441.555987,1
4310,2,996,0.668404143,152.753012,5888.423483,1
4310,3,1703,0.40331743,150.1855549,5230.051253,1
4310,4,1292,0.503445988,153.4411765,6186.101638,1
4310,5,1802,0.411965869,145.263596,5701.350882,1
4310,6,943,0.570154705,136.466596,5056.70868,1
4310,7,858,0.661799162,145.2354312,5615.277225,1
4310,8,1574,0.376724465,131.6010165,4722.081035,1
4310,9,954,0.592657699,145.3385744,5692.199005,1
4310,10,1303,0.527214367,143.7904835,5716.286664,1
4310,11,313,0.951797921,168.1022364,5427.4684,0
4310,12,816,0.768696751,136.627451,4584.946308,1
4310,13,870,0.799289331,137.7517241,5104.076913,1
4310,14,1420,0.441700529,144.2225352,5534.015219,1
4310,15,257,0.906183959,190.2217899,7812.210526,0
4310,16,1830,0.358359628,141.3688525,4353.437424,1
4310,17,1541,0.781310569,142.1953277,4352.053396,1
4310,18,685,0.696702988,147.5240876,6060.899374,1
4310,19,1399,0.457322875,141.8377412,5131.222155,1
4310,20,949,0.70091252,141.9704953,5494.557612,1
4310,21,642,0.712272361,137.0358255,4411.474623,1
4310,22,1526,0.392853955,129.3119266,3741.369349,1
4310,23,911,0.778628181,139.9934138,4732.251833,1
4310,24,1089,0.754108262,133.1799816,4465.684178,1
4310,25,1128,0.4630998,140.8945035,5407.94664,1
4310,26,1196,0.491017163,142.75,5513.746839,1
4310,27,1317,0.404760679,139.0592255,4865.199707,1
4310,28,200,0.761327366,141.03,5215.612591,0
4310,29,354,0.987651493,176.7711864,5593.894582,0
4310,30,1605,0.426427624,151.1202492,6404.492389,1
4310,31,2188,0.500086022,130.0758684,4548.461942,1
4310,32,747,0.821258903,149.4752343,5376.385073,1
4310,33,176,0.968021703,191.1477273,6628.5696,0
4310,34,1064,0.591348292,137.1795113,5176.613961,1
4310,35,1175,0.536826532,142.0629787,5405.572927,1
4310,36,2386,0.409011921,135.7087175,4955.09348,1
4310,37,810,0.653413168,146.4061728,5986.642193,1
4310,38,870,0.650509559,145.483908,5829.317813,1
4310,39,2128,0.480678238,140.0972744,5201.118183,1
4310,40,393,0.992870661,178.4605598,5091.150447,0
4310,41,2742,0.537128495,136.4649891,5097.523937,1
4310,42,1520,0.353017344,124.9664474,4234.675192,1
4310,43,526,0.925136045,145.8555133,4290.017515,1
4310,44,290,0.957323818,145.5862069,4748.483657,1
4310,45,1383,0.603324974,127.780188,4373.660783,1
4310,46,3368,0.393083383,131.8081948,4150.488604,1
4310,47,1141,0.473644676,124.022787,4177.316648,1
4310,48,2373,0.506874443,144.3931732,6084.933219,1
4310,49,825,0.666586526,122.5830303,4241.461445,1
4310,50,1197,0.738873787,127.550543,4350.451403,1
4310,51,1024,0.411888466,131.5546875,4476.336722,1
4310,52,770,0.772997694,127.4272727,4568.923711,1
4310,53,1613,0.462538295,123.2628642,4045.170182,1
4310,54,1182,0.742928702,131.9864636,4541.168766,1
4310,55,929,0.703588025,126.9278794,4491.521886,1
4310,56,925,0.871378057,126.267027,3315.770178,1
4310,57,1086,0.899788266,132.8462247,3753.45027,1
4310,58,380,0.879177049,143.6631579,5146.078661,1
4310,59,1553,0.484925938,128.6600129,4565.710351,1
4310,60,1564,0.821118871,128.5390026,3908.99531,1
4310,61,959,0.627246519,132.5432742,5085.554694,1
4310,62,921,0.886584893,121.1834962,3036.508998,1
4310,63,911,0.577369643,127.9187706,4679.166153,1
4310,64,1093,0.743882875,129.3741995,4333.526414,1
4310,65,894,0.553170137,127.3959732,4274.427309,1
4310,66,1653,0.515206718,118.6352087,3874.978937,1
4310,67,244,0.967889093,166.192623,5535.719521,0
4310,68,820,0.882077688,119.8036585,3462.941251,1
4310,69,1055,0.674231391,116.185782,3654.214968,1
4310,70,964,0.523463415,126.6379668,4890.055269,1
4310,71,457,0.959722057,173.8512035,5277.743667,0
4310,72,951,0.464442587,117.9915878,3705.316663,1
4310,73,985,0.74600022,117.9746193,3843.006318,1
4310,74,1011,0.563709827,122.4094955,4169.421483,1
4310,75,913,0.693699165,122.8784228,4204.115208,1
4310,76,1108,0.492589998,120.4774368,4259.122086,1
4310,77,405,0.945804617,180.162963,6102.15965,0
4310,78,1641,0.684408501,122.2370506,4355.239002,1
4310,79,1715,0.446568456,129.2099125,5182.385553,1
4310,80,414,0.966822497,187.1111111,6306.657845,0
4310,81,881,0.664728069,135.8127128,5466.52488,1
4310,82,1707,0.443791856,116.2337434,3729.690985,1
4310,83,1523,0.567878668,116.099803,3690.415774,1
4310,84,603,0.817865855,140.8208955,5489.428824,1
4310,85,1361,0.244184601,120.9786921,2990.858436,1
4310,86,733,0.687121678,137.9672578,5537.354427,1
4310,87,1008,0.700105347,118.4255952,4067.864203,1
4310,88,1280,0.573043315,115.175,3658.311385,1
4310,89,1883,0.268658506,115.4758364,2465.570957,1
4310,90,1151,0.610249,120.3553432,4098.191865,1
4310,91,1358,0.477251669,127.0493373,4460.569226,1
4310,92,1352,0.419535137,130.9963018,4577.122787,1
4310,93,1535,0.507614255,117.065798,3757.533536,1
4310,94,1412,0.307774458,124.7067989,3520.596302,1
4310,95,685,0.905552641,118.8729927,3407.937056,1
4310,96,755,0.881583316,111.8344371,2954.917933,1
4310,97,405,0.904484563,170.4222222,6551.843884,0
4310,98,1026,0.667758426,117.8615984,4009.910545,1
4310,99,872,0.80979202,118.0493119,3521.100356,1
4311,1,484,0.619519016,142.75,5258.030208,1
4311,2,875,0.638244826,152.0411429,6030.422108,1
4311,3,1133,0.407173983,139.5004413,4696.768434,1
4311,4,763,0.64801396,152.7824377,6139.261755,1
4311,5,1168,0.838229579,151.8030822,4594.132219,1
4311,6,1519,0.465453301,152.1428571,6202.22936,1
4311,7,900,0.411508637,160.4544444,6366.968638,1
4311,8,596,0.565788361,175.5687919,7843.671617,1
4311,9,568,0.942753097,155.0580986,4638.288928,0
4311,10,1629,0.512733113,142.4241866,5266.27403,1
4311,11,1098,0.62685941,141.8205829,5137.298399,1
4311,12,1663,0.590224723,166.7636801,7285.272899,1
4311,13,2103,0.369143671,149.6990014,5166.024415,1
4311,14,2247,0.490530458,149.4868714,5724.208544,1
4311,15,1133,0.348354394,139.0626655,4570.873899,1
4311,16,2293,0.508667438,140.3519407,5047.391742,1
4311,17,1428,0.308321782,148.6617647,4228.402077,1
4311,18,1087,0.723577577,144.1554738,4905.908466,1
4311,19,1134,0.709606796,164.1948854,6923.93841,1
4311,20,1553,0.813847657,146.5820992,5129.290056,1
4311,21,350,0.976491589,208.8571429,7272.187124,0
4311,22,1470,0.370202794,159.4904762,5840.469116,1
4311,23,1057,0.667204253,167.0785241,7634.135573,1
4311,24,1851,0.689424438,151.7974068,5921.952787,1
4311,25,1034,0.564763547,140.5918762,5270.251784,1
4311,26,758,0.664354262,156.1174142,6263.167121,1
4311,27,1125,0.380904609,142.8977778,4677.469549,1
4311,28,541,0.959291126,190.2088725,6069.13924,0
4311,29,2488,0.36229439,141.7962219,4917.866228,1
4311,30,1657,0.563867302,154.1031986,6407.432026,1
4311,31,739,0.675449353,151.3991881,5972.44008,1
4311,32,1422,0.793313683,137.5218003,3602.837925,1
4311,33,1081,0.501581965,156.973173,6618.02281,1
4311,34,1531,0.415675564,138.9516656,5081.861906,1
4311,35,627,0.750502683,176.4066986,7967.092559,1
4311,36,804,0.677486884,153.0621891,5867.708023,1
4311,37,1726,0.589014319,159.315759,6733.596101,1
4311,38,1202,0.468900929,129.7163062,4484.387246,1
4311,39,1470,0.607979983,141.5557823,5335.583725,1
4311,40,1979,0.419454397,150.1576554,5275.451303,1
4311,41,1093,0.570561195,158.2451967,6246.500415,1
4311,42,1575,0.617051334,146.9930159,5592.419085,1
4311,43,890,0.73739554,138.4224719,4683.026264,1
4311,44,166,0.821711344,207.4939759,9437.183056,0
4311,45,1773,0.47921564,160.6497462,6422.067545,1
4311,46,1842,0.554564248,137.8957655,4859.434234,1
4311,47,1210,0.496194596,123.6768595,4265.508611,1
4311,48,1682,0.557851996,151.5273484,6080.973863,1
4311,49,1822,0.746807195,165.3035126,7008.747854,1
4311,50,1187,0.780701282,141.0050548,4198.863412,1
4311,51,667,0.859190615,153.5652174,4856.434636,1
4311,52,803,0.656828235,154.2777086,6347.846446,1
4311,53,1004,0.767353492,123.4422311,3878.187264,1
4311,54,1284,0.559748447,142.5288162,5355.236709,1
4311,55,1055,0.582901576,145.2407583,5801.89437,1
4311,56,971,0.485028229,142.0144181,5238.586888,1
4311,57,976,0.733645709,147.0030738,5375.355037,1
4311,58,1052,0.473071722,147.5769962,5645.721768,1
4311,59,311,0.988740982,181.829582,5557.504564,0
4311,60,1017,0.4156983,132.7787611,4674.45202,1
4311,61,1177,0.649949324,141.4893798,5175.916552,1
4311,62,985,0.635055912,143.2812183,5290.022696,1
4311,63,1391,0.488418886,128.8267434,3994.794504,1
4311,64,991,0.755741259,142.1241171,5126.746115,1
4311,65,1995,0.477191437,112.6987469,3222.192869,1
4311,66,1404,0.600786113,121.960114,4253.258487,1
4311,67,957,0.435020314,147.3406479,5385.231232,1
4311,68,503,0.949334002,174.0099404,5552.028452,0
4311,69,784,0.73855178,145.4438776,5366.726122,1
4311,70,443,0.836093366,140.489842,5360.466058,1
4311,71,519,0.819984428,156.1907514,6056.24086,1
4311,72,365,0.953548813,185.260274,6661.717984,0
4311,73,1234,0.645000515,113.1539708,3194.298675,1
4311,74,1191,0.296708144,140.4483627,3890.527804,1
4311,75,1346,0.829335946,120.9895988,3350.447383,1
4311,76,1360,0.457405046,122.0507353,4126.670736,1
4311,77,1440,0.52099295,121.8486111,4104.747941,1
4311,78,482,0.809561871,148.5643154,5583.953026,1
4311,79,1501,0.598812127,120.7355097,3902.694327,1
4311,80,1078,0.591794692,136.2217069,4754.932176,1
4311,81,1263,0.373615599,140.304038,4362.05138,1
4311,82,592,0.710409335,149.8800676,5763.900246,1
4311,83,629,0.7599885,161.4753577,6393.025422,1
4311,84,973,0.496156637,133.614594,5032.651812,1
4311,85,874,0.604323463,138.8855835,5416.20594,1
4311,86,1417,0.850801937,111.2103035,2256.385805,1
4311,87,703,0.757130242,141.5789474,5581.670033,1
4311,88,1363,0.883253079,113.7490829,2094.873036,1
4311,89,914,0.531859918,147.1487965,5662.827918,1
4311,90,873,0.647893086,141.0950745,5323.572798,1
4311,91,983,0.435759324,133.6134283,4818.477014,1
4311,92,1039,0.479605452,132.520693,4627.657064,1
4311,93,952,0.501653307,148.7132353,5999.225939,1
4311,94,1071,0.457375665,128.210084,4349.351715,1
4311,95,919,0.480095059,145.3667029,5766.787087,1
4311,96,935,0.639969199,142.9614973,5287.717534,1
4311,97,442,0.978146886,188.0022624,5995.48406,0
4311,98,900,0.915376189,136.7655556,4354.328274,1
4311,99,730,0.935740361,182.5684932,5530.094167,0
4311,100,414,0.790737812,149.205314,5369.573496,1
4311,101,436,0.75202966,154.0917431,5892.161457,1
4311,102,743,0.732353693,155.9246299,6076.166754,1
4311,103,955,0.609087806,131.3727749,4691.247305,1
4311,104,1383,0.869626348,155.395517,5561.583866,1
4311,105,1769,0.771179908,123.3239118,3654.562166,1
4311,106,743,0.943136519,193.589502,7355.965718,1
4311,107,1001,0.567265494,121.8221778,3779.157742,1
4311,108,1751,0.367708513,111.5836665,3069.448894,1
4311,109,721,0.463707593,118.0513176,3852.195305,1
4311,110,735,0.524427511,128.214966,4578.634749,1
4311,111,588,0.575407545,120.2568027,3537.295813,1
4311,112,657,0.781078204,126.7929985,4541.24758,1
4311,113,731,0.552663135,126.0533516,4052.813819,1
4311,114,1307,0.564255245,121.889824,4009.670825,1
4311,115,681,0.770372422,117.8135095,3704.086364,1
4311,116,604,0.691863958,124.1357616,4541.10336,1
4311,117,1329,0.528819909,114.6869827,3631.949027,1
4311,118,761,0.789136166,123.9487516,3966.590411,1
4311,119,1574,0.607711436,123.5749682,4118.23191,1
4311,120,729,0.577566841,122.5336077,4201.20454,1
4311,121,1641,0.668457061,155.2949421,6070.169226,1
4311,122,978,0.723119093,116.0429448,3612.600849,1
4311,123,896,0.326220909,118.1584821,3379.824771,1
4311,124,1680,0.527969636,126.6767857,4097.901078,1
4311,125,1438,0.501498181,119.015299,3931.761826,1
4311,126,1009,0.717434617,117.555996,3115.934649,1
4311,127,658,0.730511425,116.3115502,3371.011922,1
4313,1,795,0.768951034,106.5798742,3271.252543,1
4313,2,807,0.53988478,103.6443618,2979.591259,1
4313,3,1301,0.731101382,111.2090699,3351.478688,1
4313,4,1493,0.424927332,110.6764903,3306.159704,1
4313,5,379,0.957501223,174.9551451,5539.028926,0
4313,6,3779,0.384219336,112.6340302,3585.806615,1
4313,7,1386,0.471966693,113.4033189,3745.6096,1
4313,8,1017,0.56265576,105.5703048,3224.555659,1
4313,9,1005,0.454959664,110.5741294,3920.491688,1
4313,10,1308,0.409920788,110.9411315,2966.433968,1
4313,11,1201,0.645660321,117.1174022,3874.894757,1
4313,12,1811,0.607301064,114.0568747,3630.925201,1
4313,13,1598,0.487351448,134.7878598,5480.785591,1
4313,14,2154,0.409340715,111.9368617,3127.524337,1
4313,15,1423,0.631563059,116.5277583,3841.235806,1
4313,16,1951,0.416104199,123.0779088,3848.242224,1
4313,17,1245,0.503781507,133.3277108,5259.465378,1
4313,18,1043,0.661361781,107.0910834,3058.912059,1
4313,19,937,0.591457318,116.5346852,4042.380616,1
4313,20,1609,0.233817078,107.5189559,3246.932727,1
4313,21,703,0.517062514,117.2887624,3979.89171,1
4313,22,1070,0.668887379,116.9317757,4028.822813,1
4313,23,1737,0.172848866,110.3264249,2418.12391,1
4313,24,247,0.671718301,145.7975709,5143.561142,0
4313,25,306,0.940525852,168.5522876,5893.630234,0
4313,26,1593,0.578438793,113.1946014,3655.010268,1
4313,27,989,0.502493907,117.2184024,3834.608977,1
4313,28,434,0.966658036,154.0437788,4172.966824,0
4313,29,785,0.826860525,111.3528662,3403.837122,1
4313,30,1019,0.715468189,165.0745829,7556.560543,1
4313,31,1364,0.495854066,118.6561584,4265.408724,1
4313,32,1018,0.872548193,119.0854617,3286.012601,1
4313,33,1188,0.413691673,110.0900673,3454.029893,1
4313,34,643,0.883375278,143.9720062,6258.506109,1
4313,35,907,0.606785001,126.4619625,5052.686777,1
4313,36,773,0.902601196,117.3143596,3587.154157,1
4313,37,857,0.685982525,141.0221704,5899.135991,1
4313,38,930,0.708113107,123.9526882,4584.624001,1
4313,39,1066,0.615046181,112.2326454,3746.834485,1
4313,40,924,0.676055641,139.5865801,5525.789198,1
4313,41,1621,0.451311255,119.3787785,3807.346546,1
4313,42,762,0.786107917,121.7414698,4627.375658,1
4313,43,1407,0.816041384,113.1137171,3344.936899,1
4313,44,836,0.896928385,118.291866,3725.065319,1
4313,45,367,0.965517677,183.0163488,5937.638936,0
4313,46,1697,0.57894015,113.246317,3701.037599,1
4313,47,775,0.880759334,151.0567742,6045.844833,1
4313,48,1420,0.575634915,120.4690141,4342.247459,1
4313,49,450,0.995850902,173.1111111,4912.959462,0
4313,50,1306,0.348218292,134.7764165,4964.679748,1
4313,51,1067,0.550085229,117.8828491,4173.716031,1
4313,52,2514,0.410762694,109.8691329,2855.181697,1
4313,53,1286,0.450312374,115.7581649,3693.245967,1
4313,54,1242,0.50172317,117.0128824,3981.597987,1
4313,55,1488,0.689731103,115.0752688,3652.758645,1
4313,56,1237,0.52633987,116.4009701,3931.90969,1
4313,57,711,0.690135357,113.2123769,3638.779096,1
4313,58,884,0.676698333,114.9106335,3803.714654,1
4313,59,529,0.951204665,170.7145558,5340.703127,0
4313,60,1270,0.435572519,112.9220472,3329.904512,1
4313,61,1465,0.373181807,129.1235495,4239.705127,1
4313,62,830,0.748016675,117.7855422,3954.692245,1
4313,63,829,0.710969738,122.9445115,4294.29435,1
4313,64,1224,0.497551512,119.3464052,4314.863534,1
4313,65,1352,0.351780263,118.5007396,3215.890276,1
4313,66,962,0.798352534,118.8825364,3747.505053,1
4313,67,1412,0.461907273,112.7740793,3444.166512,1
4313,68,1249,0.410790884,122.6485188,4206.968619,1
4313,69,1503,0.36831648,110.6047904,2929.764844,1
4313,70,3075,0.358281557,120.2556098,4131.474553,1
4313,71,852,0.82263201,117.778169,3672.284403,1
4313,72,1173,0.412856216,126.8124467,4922.856212,1
4313,73,1104,0.781636611,116.7192029,3281.750007,1
4313,74,938,0.756668582,121.6449893,4418.295397,1
4313,75,969,0.715361202,117.2889577,3929.696968,1
4313,76,256,0.974499028,174.328125,5597.891555,0
4313,77,1479,0.467066065,113.8749155,3500.260962,1
4313,78,1344,0.468746072,114.3191964,3790.327146,1
4313,79,1576,0.369605363,118.2461929,4090.905624,1
4313,80,1585,0.493024886,125.718612,4561.75123,1
4313,81,1755,0.528339941,113.7424501,3550.554541,1
4313,82,1608,0.474012996,112.2630597,3670.620333,1
4313,83,1541,0.522525408,114.1018819,3772.86148,1
4313,84,1828,0.582694061,116.0043764,3647.461837,1
4313,85,935,0.772894519,115.1326203,4146.291668,1
4313,86,1628,0.506190616,120.5257985,4118.102561,1
4313,87,1843,0.40987957,117.3445469,3342.429388,1
4313,88,852,0.7562779,111.185446,3396.389844,1
4313,89,1502,0.44889426,113.0619174,3747.874454,1
4313,90,1611,0.518921752,118.6902545,3853.496779,1
4313,91,1797,0.641773043,122.7429048,4324.120109,1
4313,92,847,0.589786602,115.8040142,4122.543487,1
4313,93,1333,0.490216452,113.9294824,3959.355969,1
4313,94,1130,0.692914001,113.4070796,3305.294759,1
4313,95,1295,0.630071978,113.6872587,3632.248272,1
4313,96,940,0.799660507,123.7840426,4411.704715,1
4313,97,800,0.653999293,119.25375,4482.121871,1
4313,98,1881,0.343536913,113.7698033,3349.534838,1
4313,99,881,0.848516754,115.6889898,3651.804965,1
4313,100,1238,0.710974329,121.5896607,4371.642709,1
4313,101,503,0.781378061,170.8787276,6445.871203,1
4313,102,1951,0.678966669,121.186571,3703.385538,1
4313,103,1048,0.517794503,119.9026718,4274.026178,1
4313,104,828,0.813661098,128.7004831,4072.442271,1
4313,105,765,0.67548569,122.4091503,5018.407694,1
4313,106,1354,0.741221205,115.4468242,3596.068342,1
4313,107,3069,0.400085652,119.9263604,3365.548922,1
4313,108,1551,0.299248908,118.8826564,3326.555273,1
4313,109,1516,0.364611038,122.7684697,4028.867088,1
4313,110,1996,0.609298474,118.6222445,4017.638429,1
4313,111,210,0.858093314,164.6333333,6038.862921,0
4313,112,183,0.850261346,180.8032787,8046.648025,0
4314,1,1396,0.576319787,149.2471347,5545.471743,1
4314,2,1585,0.353768953,163.8561514,6683.138531,1
4314,3,816,0.829941078,153.1642157,5189.922203,1
4314,4,1085,0.541487488,162.9271889,6950.110347,1
4314,5,1056,0.49530871,158.6335227,6559.233651,1
4314,6,545,0.797511524,172.8,7376.48921,1
4314,7,644,0.883660837,171.181677,5147.394443,1
4314,8,1732,0.359048314,157.8452656,5813.626715,1
4314,9,1300,0.463985247,144.0015385,5428.338835,1
4314,10,1458,0.551255328,148.4430727,5635.418549,1
4314,11,1101,0.767940886,147.6448683,5181.168758,1
4314,12,1462,0.428220133,167.0930233,7015.325813,1
4314,13,899,0.658774131,146.3604004,5687.684966,1
4314,14,535,0.819080561,173.2785047,7325.957882,1
4314,15,1013,0.542701168,156.2142152,6072.460044,1
4314,16,1633,0.50673142,159.2418861,6683.25246,1
4314,17,779,0.776850085,173.3401797,6553.90586,1
4314,18,320,0.973084136,213.30625,7381.773975,0
4314,19,886,0.817960404,137.7076749,4308.153622,1
4314,20,885,0.621439708,144.9638418,5744.957726,1
4314,21,701,0.845315459,160.5492154,5797.138154,1
4314,22,1158,0.398316692,154.2746114,5487.679043,1
4314,23,1330,0.600336067,142.4,5465.164376,1
4314,24,779,0.745789982,136.5699615,4626.747122,1
4314,25,1607,0.551019186,142.4561294,5348.246364,1
4314,26,1317,0.473001434,142.476082,5122.401497,1
4314,27,1405,0.534473671,152.8854093,6139.093361,1
4314,28,2051,0.506303844,140.6894198,4984.38335,1
4314,29,2055,0.545986771,138.2710462,5008.583593,1
4314,30,1513,0.455671907,139.9900859,5259.65727,1
4314,31,2228,0.523932298,145.0534111,5418.025903,1
4314,32,246,0.97582261,182.995935,6456.140613,0
4314,33,235,0.96024728,163.9957447,5205.47077,0
4314,34,1986,0.544408313,140.6414904,5104.235837,1
4314,35,401,0.957978724,176.1296758,5566.327035,0
4314,36,1205,0.804549681,136.8854772,4149.082918,1
4314,37,1112,0.747669692,137.8839928,5073.989127,1
4314,38,740,0.643037792,139.077027,5183.345261,1
4314,39,224,0.963831229,190.2767857,6598.12507,0
4314,40,1266,0.710082517,139.8443918,5080.645387,1
4314,41,2573,0.227469096,144.4135251,5400.793927,1
4314,42,2193,0.325601672,141.7633379,4672.028945,1
4314,43,2171,0.336305391,151.198526,4544.094717,1
4314,44,330,0.936977311,175.3848485,5920.563541,0
4314,45,2467,0.267717666,131.4750709,4078.723249,1
4314,46,1251,0.55483682,139.8433253,5237.09007,1
4314,47,1386,0.483875593,137.9660895,5123.446636,1
4314,48,2671,0.500220582,127.3133658,4138.104899,1
4314,49,1317,0.642715179,128.0987092,4450.054793,1
4314,50,642,0.66616642,138.2056075,5564.772715,1
4314,51,794,0.696733508,142.2455919,4496.085915,1
4314,52,1208,0.600810617,137.1713576,5104.913995,1
4314,53,765,0.759999078,136.8771242,5338.428689,1
4314,54,644,0.87218691,153.6257764,5984.513526,1
4314,55,1413,0.470292142,132.0757254,4363.490616,1
4314,56,1068,0.474005163,122.1095506,4082.496837,1
4314,57,2328,0.332599625,130.0030069,3919.171906,1
4314,58,1145,0.749352314,123.0655022,3899.971264,1
4314,59,711,0.8117676,133.4683544,5052.625344,1
4314,60,1021,0.796585439,122.7316357,3559.658143,1
4314,61,621,0.715617239,125.7487923,4215.149497,1
4314,62,1308,0.6773053,120.4204893,3795.974867,1
4314,63,1290,0.489801541,126.6,4539.808472,1
4314,64,1658,0.463289258,128.6513872,4653.760325,1
4314,65,1713,0.628595257,129.5067134,4430.259941,1
4314,66,1443,0.403212545,122.3354123,4072.823814,1
4314,67,1513,0.50958013,120.5677462,3877.461468,1
4314,68,593,0.723359324,124.074199,4656.005593,1
4314,69,689,0.675018367,123.7039187,4171.556071,1
4314,70,473,0.957975158,186.9006342,6030.216183,0
4314,71,1128,0.755809783,120.3448582,3676.411777,1
4314,72,928,0.665990624,124.4428879,4237.946171,1
4314,73,682,0.554460998,126.6964809,4496.115582,1
4314,74,1135,0.569709339,118.2361233,3824.85335,1
4314,75,971,0.778999793,120.2451081,3500.473363,1
4314,76,535,0.883048695,125.788785,4038.416073,1
4314,77,195,0.969125798,160.8358974,5819.035562,1
4314,78,575,0.835214331,133.8695652,4438.4482,1
4314,79,3339,0.350712942,124.8265948,3667.842946,1
4314,80,1969,0.434650759,117.5886237,3343.91023,1
4314,81,1098,0.43134091,111.3861566,3483.557818,1
4314,82,688,0.869077627,136.0159884,4757.147833,1
4314,83,539,0.686145485,118.8460111,3857.979086,1
4314,84,2050,0.410228756,115.797561,3387.89253,1
4314,85,993,0.469350339,119.3816717,4166.12741,1
4314,86,712,0.678420242,133.8202247,4486.334804,1
4314,87,1007,0.450283517,121.5978153,4213.219815,1
4314,88,1115,0.654026325,118.9040359,3785.205974,1
4314,89,1299,0.57917452,113.556582,3374.087236,1
4314,90,868,0.712374813,123.1831797,3853.679922,1
4314,91,1199,0.347563038,119.5746455,3558.281666,1
4314,92,1695,0.4722841,118.9882006,4210.262687,1
4314,93,1330,0.346635496,114.8781955,3769.872723,1
4315,1,676,0.554798818,169.3846154,7161.01908,1
4315,2,402,0.953973931,171.9651741,5592.445578,0
4315,3,1026,0.575516599,140.128655,5018.356178,1
4315,4,1065,0.625912832,152.9305164,5939.704186,1
4315,5,1412,0.31840334,161.3583569,5709.145021,1
4315,6,1168,0.351135797,158.1840753,6355.523514,1
4315,7,1004,0.351411336,160.0398406,6766.884714,1
4315,8,1752,0.775998209,154.5171233,5935.746764,1
4315,9,593,0.878826562,193.4569983,8442.588752,1
4315,10,320,0.877408718,199.815625,6752.554971,0
4315,11,964,0.807683817,154.6493776,5641.518543,1
4315,12,1629,0.630976061,145.68938,4849.269747,1
4315,13,1458,0.600936112,151.4142661,5949.633661,1
4315,14,345,0.969539625,182.3594203,5156.248549,0
4315,15,947,0.390133904,152,5256.403068,1
4315,16,507,0.956883378,182.2406312,6275.947418,0
4315,17,493,0.847520494,146.535497,5797.6144,1
4315,18,1423,0.385693738,148.0337316,4743.840995,1
4315,19,791,0.652795811,154.4513274,6515.412954,1
4315,20,425,0.940525852,180.8870588,6662.362714,0
4315,21,988,0.443036994,145.1497976,5444.181265,1
4315,22,893,0.720367851,153.0223964,6240.706441,1
4315,23,1983,0.390251574,146.3434191,5779.719504,1
4315,24,413,0.964487177,202.5375303,7658.028352,0
4315,25,883,0.567081322,150.202718,6105.227423,1
4315,26,1502,0.813008205,158.5292943,6306.544467,1
4315,27,926,0.676051733,151.3866091,6116.518409,1
4315,28,1241,0.412618014,149.8162772,5864.617635,1
4315,29,1047,0.542154931,150.7144222,6330.40453,1
4315,30,1149,0.662670006,142.5639687,5378.046057,1
4315,31,1218,0.693431277,149.8932677,5457.929133,1
4315,32,731,0.600913535,143.2995896,5845.131714,1
4315,33,1292,0.516845459,143.499226,5383.114948,1
4315,34,2565,0.486953858,157.7614035,6622.799817,1
4315,35,1267,0.42550062,140.5177585,5311.625987,1
4315,36,1627,0.700411303,165.5199754,6934.98771,1
4315,37,1534,0.476011021,149.8461538,6353.723757,1
4315,38,1668,0.367458161,140.9352518,5525.428387,1
4315,39,342,0.971049213,174.2631579,5896.412698,0
4315,40,1411,0.302600212,136.6144578,4916.924027,1
4315,41,830,0.426186917,153.5831325,6059.185754,1
4315,42,894,0.729171386,150.7427293,6253.045215,1
4315,43,1251,0.739111853,149.538769,4784.97417,1
4315,44,1827,0.369256936,126.5440613,3826.471669,1
4315,45,1667,0.467315206,131.8230354,4565.003799,1
4315,46,2183,0.322476412,132.924874,4107.370234,1
4315,47,2037,0.315379117,134.0009818,4867.560754,1
4315,48,523,0.877827423,153.6195029,5510.681156,1
4315,49,768,0.833609873,151.8424479,5211.278545,1
4315,50,538,0.708298762,161.2416357,5934.218536,1
4315,51,1008,0.389541893,151.3660714,5813.225065,1
4315,52,512,0.817800596,139.6894531,5076.571327,1
4315,53,409,0.782440804,157.4132029,6983.122196,1
4315,54,632,0.78524039,166.8813291,7075.168937,1
4315,55,519,0.825123715,173.0211946,6656.738101,1
4315,56,744,0.628327281,149.9932796,6108.834999,1
4315,57,411,0.959816537,169.6472019,5773.059483,0
4315,58,606,0.744240915,153.3217822,6702.306594,1
4315,59,336,0.944247287,168.047619,5170.845807,0
4315,60,886,0.547221684,152.1230248,6604.163008,1
4315,61,1143,0.594481496,146.6649169,5652.700432,1
4315,62,1476,0.543641017,146.2310298,5887.579088,1
4315,63,1915,0.38619945,134.4114883,4699.038664,1
4315,64,1071,0.920582606,110.6218487,2419.601873,1
4315,65,2086,0.305267447,125.6577181,4246.003295,1
4315,66,827,0.835959642,107.5054414,2633.070511,1
4315,67,1585,0.503195507,119.4864353,3829.669042,1
4315,68,2775,0.474903893,133.2875676,4516.638058,1
4315,69,266,0.919778958,196.4511278,7990.944759,0
4315,70,1902,0.697635978,120.0599369,3826.026735,1
4315,71,1170,0.727872703,151.4803419,6323.345265,1
4315,72,1733,0.386378964,117.1511829,3610.36346,1
4315,73,1457,0.379633481,112.9800961,3301.963014,1
4315,74,608,0.946603178,167.6447368,5542.732039,0
4315,75,1956,0.645309514,122.8691207,4042.297361,1
4315,76,351,0.979281565,162.8945869,4911.10708,0
4315,77,817,0.681816031,130.1481028,4786.150571,1
4315,78,1197,0.539881927,113.7719298,3597.637503,1
4315,79,2262,0.42027664,132.9823165,5041.719765,1
4315,80,1276,0.496100142,131.6473354,4925.392559,1
4315,81,938,0.822520859,127.5245203,4197.43758,1
4315,82,1029,0.795466827,138.8503401,4322.337992,1
4315,83,823,0.434808381,111.2636695,3255.46806,1
4315,84,1007,0.587112135,145.5739821,6091.390631,1
4315,85,1149,0.515889117,120.5317668,4024.640927,1
4315,86,1303,0.516648632,144.1849578,5871.614675,1
4315,87,1116,0.681339777,149.1639785,5785.914155,1
4315,88,1041,0.501712204,131.945245,4807.555348,1
4315,89,1483,0.445834235,143.6196898,5229.514242,1
4315,90,953,0.61935107,118.9926548,3988.029661,1
4315,91,1348,0.501461256,130.1646884,4362.783793,1
4315,92,1383,0.460812654,130.8373102,4767.172365,1
4315,93,573,0.770530096,150.08726,6488.305686,1
4315,94,1210,0.479549171,124.0495868,4156.211147,1
4315,95,997,0.473815865,145.4563691,6082.782327,1
4315,96,1178,0.788084599,114.7733447,3464.195617,1
4315,97,644,0.896472649,163.3276398,5415.479473,1
4315,98,781,0.730847983,125.3879641,4279.973804,1
4315,99,1448,0.452725877,133.0089779,4514.952172,1
4315,100,1460,0.469327157,134.4335616,4716.235982,1
4315,101,1478,0.384255632,136.4499323,5073.404603,1
4315,102,980,0.504963587,132.5581633,4526.25875,1
4315,103,1090,0.67714559,126.0633028,4260.227853,1
4315,104,1391,0.482636209,138.0345075,5065.620449,1
4315,105,1088,0.422534458,120.0992647,4320.982816,1
4315,106,1492,0.758745152,140.9155496,4936.341142,1
4315,107,1254,0.430272129,135.484051,4539.943295,1
4315,108,1119,0.439096966,115.4182306,3794.675849,1
4315,109,1614,0.29964744,119.8370508,3935.236065,1
4315,110,1062,0.404205879,125.8653484,4130.028019,1
4315,111,1028,0.669060099,119.1770428,3952.307423,1
4315,112,1145,0.396862134,127.8864629,4365.578793,1
4315,113,2175,0.38035191,128.8505747,4231.912152,1
4315,114,739,0.791388392,136.6860622,4918.792788,1
4315,115,1999,0.402167659,133.9449725,4829.022182,1
4315,116,1061,0.492654434,126.5221489,4608.626533,1
4315,117,548,0.620407907,116.8010949,3796.985874,1
4317,1,1185,0.430124412,108.449789,3217.130103,1
4317,2,864,0.673651823,113.8310185,3830.194392,1
4317,3,1090,0.477668961,117.8146789,3951.323621,1
4317,4,983,0.45320339,114.6683622,3852.442787,1
4317,5,124,0.983756127,113.8629032,2624.635169,0
4317,6,1233,0.608431954,108.6423358,3356.333738,1
4317,7,1268,0.469281959,110.25,3478.817303,1
4317,8,915,0.449012691,120.1770492,4221.382281,1
4317,9,2782,0.4068417,113.7843278,3642.992266,1
4317,10,1282,0.507748516,113.0655226,3919.603114,1
4317,11,1481,0.420775669,108.5219446,3033.700138,1
4317,12,1176,0.43523311,116.6615646,3961.21025,1
4317,13,1459,0.446727541,107.5071967,2961.299898,1
4317,14,747,0.753171438,121.1499331,4477.717302,1
4317,15,1470,0.668213022,125.0265306,4534.030827,1
4317,16,631,0.715256704,128.681458,4940.773029,1
4317,17,382,0.958473978,162.2565445,5474.506882,0
4317,18,969,0.442520914,113.1816305,3865.759507,1
4317,19,1165,0.764658284,108.5982833,3221.504627,1
4317,20,382,0.965080388,177.3010471,5447.307881,0
4317,21,819,0.565101717,112.0879121,3745.29281,1
4317,22,1323,0.542898547,110.8359788,3465.139929,1
4317,23,161,0.95440861,103.5900621,2749.319436,0
4317,24,1130,0.660632743,113.3168142,3794.832397,1
4317,25,808,0.559522016,120.3415842,4300.369313,1
4317,26,456,0.937435795,164.7697368,5359.34303,0
4317,27,410,0.951178301,166.1902439,5547.724467,0
4317,28,791,0.827969956,111.3615676,3419.849515,1
4317,29,939,0.713848441,113.2406816,3530.8064,1
4317,30,959,0.639364227,118.092805,4159.855226,1
4317,31,904,0.780165111,121.9712389,4051.164969,1
4317,32,395,0.959074853,163.0278481,5230.577979,0
4317,33,1435,0.593103548,108.3477352,3222.994935,1
4317,34,1636,0.335636624,114.3783619,2863.957715,1
4317,35,1230,0.342565443,115.6918699,2992.175353,1
4317,36,1037,0.543189201,123.2767599,4413.061692,1
4317,37,1656,0.495203692,119.7614734,4282.081223,1
4317,38,1093,0.601723988,119.8911253,4337.307631,1
4317,39,906,0.658420337,118.5463576,4262.01886,1
4317,40,1510,0.495551077,112.3437086,3489.700777,1
4317,41,986,0.831332072,118.9969574,3555.068777,1
4317,42,1047,0.485560335,117.4718243,3867.34495,1
4317,43,1394,0.555756543,109.5566714,3235.520902,1
4317,44,1506,0.613919272,121.1500664,4435.318737,1
4317,45,2133,0.304000846,124.124707,4564.882941,1
4317,46,1657,0.440074851,113.8195534,3327.088707,1
4317,47,618,0.516341242,128.7265372,4490.164723,1
4317,48,1220,0.556193521,121.8418033,4348.384081,1
4317,49,1519,0.608629235,117.3765635,3788.979203,1
4317,50,1047,0.756456299,116.0897803,3519.151014,1
4317,51,501,0.934411953,157.8243513,5932.33927,0
4317,52,1258,0.862328255,133.3449921,3931.851412,1
4317,53,1509,0.564405097,122.9542744,4548.64056,1
4317,54,1774,0.425712514,111.4695603,3107.023494,1
4317,55,1152,0.511033569,113.9322917,3545.456971,1
4317,56,836,0.866909113,116.2559809,3598.953215,1
4317,57,883,0.729910011,114.8267271,4017.002561,1
4317,58,1599,0.476835244,119.5803627,3888.758414,1
4317,59,651,0.733634309,105.0814132,2678.589587,1
4317,60,1641,0.390759885,112.2528946,3257.487494,1
4317,61,493,0.963571356,182.1034483,5846.213138,0
4317,62,1725,0.790418175,108.8968116,2692.594314,1
4317,63,1045,0.380469699,117.6239234,4186.533795,1
4317,64,1361,0.686122039,118.4577517,4034.883504,1
4317,65,434,0.925383122,147.9654378,4682.651753,0
4317,66,747,0.837964677,115.8607764,3844.470259,1
4317,67,237,0.968419597,166.2405063,5666.897443,0
4317,68,905,0.713780952,112.1259669,3525.171289,1
4317,69,1641,0.622100659,116.6550884,3897.120462,1
4317,70,738,0.765285796,116.2872629,4059.809375,1
4317,71,401,0.957978724,188.957606,6097.13759,0
4317,72,2009,0.454506155,114.87556,3645.321063,1
4317,73,1902,0.513323292,118.1908517,3967.800167,1
4317,74,627,0.929214594,141.6395534,5144.947528,1
4317,75,1780,0.599909536,117.5617978,3733.40596,1
4317,76,1148,0.358442461,113.7264808,3465.99225,1
4317,77,677,0.875632481,140.6085672,5625.794609,1
4317,78,1069,0.843129103,110.8044902,3147.015072,1
4317,79,1281,0.551460897,112.6307572,3665.492746,1
4317,80,1493,0.508279273,144.5365037,6288.304019,1
4317,81,825,0.837579487,117.0448485,3620.161283,1
4317,82,1499,0.548627068,108.6504336,3067.850801,1
4317,83,651,0.85282647,117.8463902,3236.564436,1
4317,84,332,0.926272022,188.1174699,6830.321772,0
4317,85,759,0.722309338,110.685112,3573.880559,1
4317,86,1965,0.447782597,115.6819338,3449.633023,1
4317,87,2632,0.378461033,112.8909574,3606.029434,1
4317,88,350,0.983590924,183.56,4889.175079,0
4317,89,423,0.972250371,183.5579196,5589.069336,0
4317,90,1227,0.727939063,122.3105134,4378.288038,1
4317,91,825,0.734427907,114.1284848,4228.912904,1
4317,92,1060,0.377990907,127.2650943,4042.967185,1
4317,93,1017,0.441044191,114.5801377,4102.126405,1
4317,94,1792,0.597565363,115.4553571,3248.316,1
4317,95,1058,0.337248532,115.8771267,3126.650408,1
4317,96,564,0.785109587,122.0567376,4194.625346,1
4317,97,705,0.694898188,119.3787234,4455.735793,1
4317,98,1164,0.376379693,130.8479381,4356.428109,1
4317,99,527,0.752036186,130.8899431,5320.363525,1
4317,100,934,0.623932634,113.6027837,4112.518324,1
4317,101,585,0.738968622,117.0307692,4027.971065,1
4317,102,960,0.588086255,119.9072917,4196.80723,1
4317,103,949,0.47157266,114.5226554,3717.742238,1
4317,104,764,0.639065215,118.3311518,4012.377424,1
4317,105,1550,0.642855816,115.9180645,3555.419477,1
4317,106,520,0.770640493,130.4730769,5183.012337,1
4317,107,674,0.702387249,120.0163205,4535.453416,1
4317,108,836,0.489225483,117.0191388,3919.120018,1
4317,109,991,0.643718091,118.4349142,4101.523282,1
4317,110,796,0.556382938,114.7173367,4038.565469,1
4317,111,1466,0.287563194,112.5341064,2860.045579,1
4317,112,2349,0.242973814,110.8825032,3400.773213,1
4317,113,1548,0.364565739,113.120155,3881.292639,1
4317,114,935,0.676994898,122.5657754,4548.239497,1
4317,115,428,0.962064233,163.9836449,5375.360714,0
4317,116,1050,0.537281619,114.2447619,3802.621994,1
4317,117,1120,0.380566199,116.6892857,3433.666746,1
4317,118,1387,0.619368784,117.5465032,3766.953844,1
4317,119,970,0.429483581,107.9309278,3607.71842,1
4317,120,1067,0.382051653,112.836926,3384.252944,1
4317,121,1412,0.459628385,117.5701133,3609.54356,1
4317,122,559,0.779798284,136.1788909,5113.19931,0
4317,123,1322,0.350913791,111.5885023,3385.580736,1
4317,124,1784,0.426083441,116.2668161,3726.578615,1
4317,125,2409,0.352535608,109.7965961,3423.097822,1
4317,126,1070,0.669280355,118.6429907,4027.995208,1
4317,127,1818,0.32271929,121.1463146,3596.124136,1
4317,128,1726,0.459600723,117.882387,3839.099028,1
4317,129,1063,0.736103841,117.1712135,3737.712942,1
4317,130,453,0.965895286,173.1655629,5862.623407,0
4317,131,801,0.657387356,121.8064919,4780.993504,1
4317,132,791,0.589232556,118.2389381,4254.603784,1
4317,133,1053,0.5565347,115.7283951,3824.201503,1
4317,134,811,0.791149068,118.9543773,4151.114579,1
4317,135,884,0.489343747,122.1029412,4436.410815,1
4317,136,1443,0.461097582,111.5717256,3314.300908,1
4317,137,1486,0.561222886,110.0827725,3226.295835,1
4317,138,255,0.888883999,139.8039216,4113.153641,1
4317,139,977,0.593290925,120.9211873,4064.495863,1
4317,140,396,0.96150289,136.3535354,4054.228999,0
4317,141,409,0.919355774,166.9388753,5723.086679,1
4317,142,889,0.768499525,109.9988751,3265.295454,1
4317,143,1137,0.699864172,107.4890062,3173.19354,1
4317,144,232,0.976959403,157.5344828,4477.791933,0
4317,145,332,0.984048629,191.4668675,6260.598929,0
4317,146,280,0.99535682,165.4535714,4381.447155,0
4318,1,593,0.673922948,110.2445194,3877.81131,1
4318,2,1041,0.407707511,120.1306436,4528.583612,1
4318,3,328,0.979479023,170.9359756,4716.289747,0
4318,4,684,0.681249408,113.5716374,3944.76019,1
4318,5,1580,0.461040676,112.3696203,3603.878665,1
4318,6,1019,0.596316707,119.1354269,4241.793569,1
4318,7,860,0.474899251,113.4104651,3684.898324,1
4318,8,961,0.68069279,140.4547347,5832.874374,1
4318,9,1820,0.390218614,110.3994505,3432.356955,1
4318,10,1614,0.751644698,113.0080545,3414.449463,1
4318,11,1618,0.245878686,110.2064277,2269.447671,1
4318,12,949,0.446798971,124.7376185,3949.346933,1
4318,13,1820,0.465571617,109.9884615,2882.891555,1
4318,14,758,0.694004663,118.6385224,4446.123457,1
4318,15,404,0.95872007,165.6039604,5930.564853,0
4318,16,265,0.980286443,153.109434,4887.137547,0
4318,17,1173,0.872441657,117.7953964,3101.329973,1
4318,18,1387,0.484224709,102.8060562,2680.186006,1
4318,19,1140,0.791093139,109.277193,2894.640191,1
4318,20,274,0.947441484,177.9890511,6209.486974,0
4318,21,1119,0.538870742,108.8346738,3321.999607,1
4318,22,238,0.924739659,159.6764706,5287.680664,0
4318,23,1642,0.446229552,107.5663825,3033.718164,1
4318,24,380,0.788099193,139.5026316,5426.342551,1
4318,25,1117,0.540635918,125.2891674,4810.358744,1
4318,26,1043,0.640464747,119.8638543,4266.643784,1
4318,27,578,0.856596548,120.4723183,3944.656453,1
4318,28,261,0.985193537,114.3448276,3405.720222,0
4318,29,691,0.602766241,127.3111433,4600.853375,1
4318,30,871,0.451019049,132.8599311,5226.408491,1
4318,31,823,0.559346551,134.6452005,5471.741485,1
4318,32,1999,0.50387875,109.9114557,3169.991323,1
4318,33,1612,0.576320334,112.6581886,3452.085495,1
4318,34,139,0.687090015,190.5395683,7001.282484,0
4318,35,1810,0.809347731,113.1762431,2872.033243,1
4318,36,1345,0.3558955,117.9211896,4063.163524,1
4318,37,789,0.402481442,117.0899873,3954.674705,1
4318,38,658,0.673392963,122.8738602,4716.049125,1
4318,39,663,0.766966294,120.8597285,4385.030296,1
4318,40,928,0.442570224,108.4892241,3517.884464,1
4318,41,2098,0.726409153,114.7383222,3390.23976,1
4318,42,1149,0.66549569,120.1140122,4337.97565,1
4318,43,1387,0.584996879,118.4268205,3931.489828,1
4318,44,1329,0.771238604,119.2791573,3517.943931,1
4318,45,1118,0.546284369,111.2745975,3509.284071,1
4318,46,1826,0.424819207,116.6664841,4126.596716,1
4318,47,1648,0.390150877,112.3567961,3039.995896,1
4318,48,1860,0.675131988,112.4129032,3360.291038,1
4318,49,1630,0.485801007,117.2889571,3740.693348,1
4318,50,1508,0.377111431,112.4429708,3687.069247,1
4318,51,1299,0.434198466,117.0592764,3695.780248,1
4318,52,510,0.773818423,123.7745098,3843.015957,1
4318,53,1749,0.525071484,113.7295597,3487.693673,1
4318,54,1286,0.397861742,112.9455677,3508.267795,1
4318,55,1442,0.823511615,114.3273232,3251.881724,1
4318,56,1063,0.819921339,115.2079022,3461.794895,1
4318,57,1132,0.656545023,117.8268551,4162.355775,1
4318,58,1194,0.297033798,114.2646566,3218.766574,1
4318,59,915,0.932317689,117.9704918,3623.969042,1
4318,60,1057,0.691760171,114.6906339,4002.63222,1
4318,61,964,0.746394968,112.2997925,3466.183923,1
4318,62,1232,0.51382771,112.1241883,3536.360337,1
4318,63,857,0.726646637,124.4795799,4533.412421,1
4318,64,671,0.851742401,114.0849478,3525.161864,1
4318,65,1105,0.612157996,114.7266968,3721.521251,1
4318,66,752,0.882202325,133.7380319,4465.54914,1
4318,67,1317,0.308942951,107.1465452,2479.128172,1
4318,68,793,0.693864956,129.3543506,4564.880432,1
4318,69,1105,0.356211565,113.2742081,3463.533547,1
4318,70,1589,0.57552182,115.4738829,3813.706427,1
4318,71,1726,0.858442984,112.1546929,3014.556695,1
4318,72,1456,0.530108977,115.7520604,3620.245495,1
4318,73,1180,0.694453973,115.8440678,3786.389732,1
4318,74,1648,0.505985572,110.7882282,3437.786289,1
4318,75,537,0.985015204,173.0893855,4837.342057,0
4318,76,1293,0.480847,126.1817479,4563.802059,1
4318,77,572,0.938890307,113.3828671,3313.779141,1
4318,78,504,0.956903805,166.7599206,4840.335426,0
4318,79,441,0.940308656,149.5351474,4755.338119,0
4318,80,544,0.940525852,114.0220588,3332.997132,1
4318,81,1461,0.449386974,122.7310062,4586.329754,1
4318,82,1135,0.490577593,114.6801762,3919.849762,1
4318,83,2010,0.392855171,114.9532338,3194.2845,1
4318,84,1177,0.386897284,116.5573492,3306.647811,1
4318,85,551,0.480171651,112.3647913,3870.715298,1
4318,86,744,0.467355008,113.0026882,3371.424631,1
4318,87,662,0.485849457,115.4471299,3592.839598,1
4318,88,638,0.81333533,126.3714734,4218.312934,1
4318,89,1604,0.336757583,114.5629676,3912.442922,1
4318,90,273,0.936430342,180.1208791,6886.472098,0
4318,91,887,0.663948413,121.6290868,4626.408113,1
4318,92,1613,0.562528905,117.2089275,3952.985592,1
4318,93,1376,0.437361088,119.1293605,3575.950966,1
4318,94,1222,0.624492183,122.2397709,4330.582645,1
4318,95,1416,0.631248656,112.0035311,3498.049312,1
4318,96,1308,0.422259085,109.0382263,3353.912581,1
4318,97,844,0.805191039,124.1054502,3795.231549,1
4318,98,1487,0.739186753,112.7289845,3573.66589,1
4318,99,1490,0.538021436,126.9604027,4763.767543,1
4318,100,1832,0.332484355,111.3558952,3487.919219,1
4318,101,1138,0.864572626,119.2469244,3949.475373,1
4318,102,1060,0.399453098,108.8339623,3399.618664,1
4318,103,728,0.542548434,117.532967,4130.464475,1
4318,104,773,0.71821808,111.5717982,3633.107131,1
4318,105,985,0.512967847,115.0791878,3775.308135,1
4318,106,765,0.542201505,111.730719,3582.523382,1
4318,107,1807,0.835555473,112.0420587,2919.965888,1
4318,108,851,0.721908341,117.3019976,4084.491657,1
4318,109,467,0.851614343,120.3490364,4112.550353,1
4318,110,1476,0.554135071,119.298103,4201.740272,1
4318,111,688,0.725631912,122.8561047,4548.237287,1
4318,112,960,0.516338159,108.065625,3400.765575,1
4318,113,1371,0.700265437,111.9146608,3632.442721,1
4318,114,348,0.961058768,173.545977,4602.524739,0
4318,115,325,0.90674219,149.6153846,4981.780071,0
4318,116,1400,0.373138356,116.7871429,3388.551916,1
4318,117,1670,0.515722468,118.3538922,3863.660623,1
4318,118,776,0.535762647,109.9136598,3570.886388,1
4319,1,1231,0.714367736,125.6653128,3821.973684,1
4319,2,1442,0.571118065,118.0513176,3631.762464,1
4319,3,1160,0.43482322,123.775,4231.503448,1
4319,4,890,0.942867987,188.6808989,6530.486706,0
4319,5,830,0.773459027,125.2927711,4288.380619,1
4319,6,1392,0.632756821,123.1300287,4051.501487,1
4319,7,874,0.640454495,122.278032,4163.395047,1
4319,8,766,0.796199588,124.3577023,4249.086108,1
4319,9,759,0.796968316,123.1383399,4148.249104,1
4319,10,1218,0.586759465,130.7019704,4619.8584,1
4319,11,1265,0.631885386,131.0166008,4798.72659,1
4319,12,1667,0.457748494,122.2615477,4062.057066,1
4319,13,1253,0.58800912,129.6903432,4561.344883,1
4319,14,794,0.699912513,110.2984887,3345.551665,1
4319,15,690,0.82810955,107.0449275,2829.808919,1
4319,16,1230,0.824080909,146.9414634,5679.875107,1
4319,17,1502,0.728207744,145.8701731,5988.885597,1
4319,18,1575,0.415175185,131.2336508,5006.269082,1
4319,19,1561,0.530089521,131.1300448,4832.923142,1
4319,20,2653,0.320476332,128.0810403,3709.174806,1
4319,21,1350,0.711920844,135.7874074,5180.315644,1
4319,22,1711,0.620378448,120.4938632,4039.998362,1
4319,23,1020,0.826025148,153.3264706,5604.733549,1
4319,24,2155,0.341259611,138.0357309,5429.726636,1
4319,25,1552,0.535996526,136.0225515,5339.309812,1
4319,26,1716,0.48866985,120.5967366,3877.918403,1
4319,27,1657,0.427312751,121.7060954,3987.568182,1
4319,28,1503,0.76198497,117.8596141,3735.050823,1
4319,29,1005,0.781836406,115.60199,3717.493361,1
4319,30,701,0.810925147,127.7075606,4436.114305,1
4319,31,1309,0.370447066,127.6111536,4492.063658,1
4319,32,1599,0.290563194,128.8180113,3555.510325,1
4319,33,842,0.894349505,143.3194774,4315.674735,1
4319,34,1491,0.364081965,113.314554,3365.680825,1
4319,35,1609,0.41896714,122.2057178,4428.472735,1
4319,36,1567,0.436982346,130.5526484,4223.845517,1
4319,37,972,0.682468184,127.4115226,4834.024717,1
4319,38,1285,0.717164622,123.9976654,4237.969495,1
4319,39,1090,0.354493541,125.4183486,4410.146222,1
4319,40,1138,0.561846684,129.0966608,4551.410652,1
4319,41,1374,0.511596773,126.8981077,4590.950854,1
4319,42,1239,0.762334669,118.8627926,3410.494728,1
4319,43,707,0.893078317,132.4809052,4374.195113,1
4319,44,1700,0.33192528,117.7323529,3255.815106,1
4319,45,1324,0.705381981,117.7915408,3766.597437,1
4319,46,462,0.801425433,127.1904762,4446.52743,1
4319,47,1761,0.446156413,116.2816581,3760.871628,1
4319,48,966,0.875046264,127.7898551,4323.806348,1
4319,49,488,0.762183376,135.1639344,3988.599808,1
4319,50,737,0.890479371,129.4925373,4630.416898,1
4319,51,1214,0.785826768,105.3327842,2780.991854,1
4319,52,1091,0.56245828,126.0476627,4839.204893,1
4319,53,701,0.6768369,129.1911555,4612.435996,1
4319,54,689,0.825287392,129.9201742,4489.953619,1
4319,55,534,0.891284604,128.8202247,4182.794898,1
4319,56,1712,0.26828254,122.3563084,3125.366489,1
4319,57,1269,0.534347481,110.8053586,3597.985231,1
4319,58,1028,0.719176226,120.4756809,4242.876654,1
4319,59,789,0.782443129,110.8542459,3375.480445,1
4319,60,1234,0.413657904,125.2536467,4139.341336,1
4319,61,981,0.848029284,121.0988787,3597.861763,1
4319,62,1116,0.731433732,116.8646953,3893.386991,1
4319,63,1503,0.490313844,121.8250166,4181.404529,1
4319,64,2792,0.265161986,110.2951289,2398.913672,1
4319,65,1528,0.655158225,140.8691099,5744.698086,1
4319,66,790,0.664529162,123.7721519,4520.692472,1
4319,67,848,0.855643885,124.4964623,3462.58511,1
4319,68,895,0.795790701,121.6905028,4329.085673,1
4319,69,1678,0.52195316,117.045888,3726.258699,1
4319,70,799,0.534303216,139.1614518,5628.890969,1
4319,71,730,0.775386151,129.0013699,4281.970753,1
4319,72,1168,0.561189865,115.875,3773.663569,1
4319,73,629,0.818752534,134.2925278,5368.694361,1
4319,74,1453,0.384326131,120.1500344,3833.592585,1
4319,75,1116,0.702151015,125.7132616,4149.204596,1
4319,76,1704,0.517172009,114.8004695,3599.190659,1
4319,77,735,0.530228194,128.3482993,4918.441178,1
4319,78,1844,0.483172917,116.4907809,3715.024594,1
4319,79,1056,0.490932457,158.4554924,6675.365486,1
4319,80,2276,0.44343772,112.0949033,3519.885782,1
4319,81,1098,0.44065102,140.6584699,6047.989997,1
4319,82,911,0.586501382,125.7727772,4482.453083,1
4319,83,805,0.758334417,122.7403727,4197.240738,1
4319,84,936,0.468384327,121.582265,4383.302929,1
4319,85,2462,0.609296488,109.214866,2968.113877,1
4319,86,1165,0.371511672,116.0927039,3823.030432,1
4319,87,1348,0.632269072,113.5563798,3768.981117,1
4319,88,437,0.982294555,186.6933638,6045.526593,0
4319,89,980,0.588895517,127,4660.918569,1
4319,90,424,0.93831285,152.8466981,4655.171941,0
4319,91,1630,0.416277411,118.5564417,3727.71647,1
4319,92,1198,0.733154882,113.8664441,3773.652917,1
4319,93,307,0.829108464,174.4495114,6413.065864,1
4319,94,1299,0.432218281,126.530408,4921.023764,1
4319,95,1002,0.640360051,126.4171657,4501.766165,1
4319,96,947,0.795285365,108.4625132,2715.188189,1
4319,97,1015,0.666204427,107.8492611,3068.185936,1
4319,98,1117,0.706500421,131.3536258,5274.199648,1
4319,99,856,0.644444862,143.4988318,6240.934742,1
4320,1,585,0.755098936,140.9965812,4994.291368,1
4320,2,366,0.786078611,137.2377049,4185.058958,1
4320,3,557,0.737414525,165.9910233,7021.768014,1
4320,4,584,0.714380267,155.2893836,5729.376861,1
4320,5,1031,0.704199095,121.9214355,3736.350539,1
4320,6,662,0.472891278,171.929003,7747.961999,1
4320,7,891,0.713197701,162.650954,6779.738641,1
4320,8,694,0.856419191,140.3832853,4577.773231,1
4320,9,420,0.640000755,132.2571429,4632.283462,1
4320,10,930,0.854412733,147.2989247,5486.846844,1
4320,11,1456,0.437035578,182.3214286,9115.885325,1
4320,12,423,0.907657193,180.2529551,7267.427297,1
4320,13,1003,0.593886609,148.8703888,5986.556467,1
4320,14,1481,0.610913092,148.7859554,5867.934867,1
4320,15,1609,0.593005607,144.9055314,5661.35404,1
4320,16,733,0.739055775,133.7053206,5219.307473,1
4320,17,1211,0.238145095,132.1965318,3620.49601,1
4320,18,681,0.599945643,143.9603524,5559.992589,1
4320,19,1832,0.249309656,148.7898472,4615.478029,1
4320,20,1026,0.444205119,149.4307992,6053.761118,1
4320,21,2761,0.47350092,142.2010141,5157.529358,1
4320,22,1112,0.396559614,155.4181655,6444.330873,1
4320,23,932,0.639812735,139.4763948,5386.170385,1
4320,24,859,0.499613572,150.8521537,5453.902912,1
4320,25,638,0.695098719,144.2319749,5855.368814,1
4320,26,1074,0.356570884,161.7476723,5642.067508,1
4320,27,1492,0.492886067,155.7935657,6040.300119,1
4320,28,782,0.325990748,151.1202046,4337.509966,1
4320,29,337,0.973928453,182.3175074,6400.431466,0
4320,30,1543,0.613194266,144.0460143,5592.832854,1
4320,31,372,0.955625149,199.1155914,7379.537715,0
4320,32,109,1.015415166,208.9449541,6887.79402,0
4320,33,1825,0.599543338,154.0635616,6141.18236,1
4320,34,752,0.660203352,125.518617,4727.423088,1
4320,35,1488,0.565239046,129.4771505,4523.750281,1
4320,36,555,0.859438189,165.2288288,6866.681244,1
4320,37,613,0.892338509,142.5595432,5148.49461,1
4320,38,1818,0.53928004,143.89989,5587.033915,1
4320,39,2374,0.378527344,155.4342881,5887.775077,1
4320,40,1905,0.521427768,148.9648294,5789.839369,1
4320,41,2065,0.286266988,137.620339,5094.240301,1
4320,42,1807,0.382813388,131.3514112,4805.843328,1
4320,43,918,0.832153858,153.1840959,5407.071742,1
4320,44,1537,0.413180293,135.7215355,4761.702987,1
4320,45,3265,0.475169188,144.3350689,5285.909902,1
4320,46,221,0.971878006,153.7285068,4926.207128,0
4320,47,1150,0.530921846,132.8626087,4967.625141,1
4320,48,1539,0.478716277,133.7920728,5000.226352,1
4320,49,1427,0.378248389,142.100911,4962.305348,1
4320,50,1724,0.281756719,140.1287703,4192.792152,1
4320,51,793,0.427311165,134.5094578,5118.724823,1
4320,52,884,0.605324777,138.6368778,4938.067093,1
4320,53,406,0.420243178,137.2241379,5039.289736,1
4320,54,841,0.522935867,141.2818074,5320.20195,1
4320,55,635,0.640246135,145.8425197,5437.139366,1
4320,56,406,0.761724758,136.953202,4793.492036,1
4320,57,1042,0.674490521,148.2802303,5842.430629,1
4320,58,1616,0.396857611,140.1943069,4866.930151,1
4320,59,1030,0.621023482,149.6805825,5750.477828,1
4320,60,1232,0.511802182,146.2215909,5568.939485,1
4320,61,2251,0.468979265,135.4606841,4725.198093,1
4320,62,1671,0.465414403,133.5332136,4991.062786,1
4320,63,1203,0.676939583,133.8620116,4635.367283,1
4320,64,1824,0.399329054,127.9994518,4486.413193,1
4320,65,2278,0.451111981,135.6892011,4597.796325,1
4320,66,2276,0.331009387,124.2948155,3551.438623,1
4320,67,1906,0.329126733,123.1096537,3650.914753,1
4320,68,1783,0.536460074,119.4363432,3775.079308,1
4320,69,1609,0.701429323,122.7420758,3847.325312,1
4320,70,2047,0.375698763,126.7532975,3802.308523,1
4320,71,2040,0.387284939,122.4235294,4135.85904,1
4320,72,1575,0.744437849,133.6526984,4284.328536,1
4320,73,2646,0.319630748,133.1953893,4251.276295,1
4320,74,1005,0.846774055,119.7323383,3890.70601,1
4320,75,1018,0.708547482,122.5491159,4324.309003,1
4320,76,1062,0.722784641,126.5480226,4239.71614,1
4320,77,1076,0.553716461,125.1133829,4381.952542,1
4320,78,398,0.58546481,127.0502513,4355.467128,1
4320,79,1025,0.563008826,120.0136585,3856.497767,1
